지점,지점명,일시,평균기온(°C),최저기온(°C),최고기온(°C)
108,서울,2022-01-01,-4.3,-10.2,2.3
108,서울,2022-01-02,-1.3,-5.2,3
108,서울,2022-01-03,-1.9,-8,2.5
108,서울,2022-01-04,-2.5,-5.6,1
108,서울,2022-01-05,-2.8,-7.8,1.9
108,서울,2022-01-06,-2.2,-5.9,3.3
108,서울,2022-01-07,-1.6,-5.9,4.5
108,서울,2022-01-08,.3,-5,3.7
108,서울,2022-01-09,1.3,-1.2,5.6
108,서울,2022-01-10,.5,-3.4,4.4
108,서울,2022-01-11,-7.4,-10.3,.3
108,서울,2022-01-12,-7.7,-11.3,-3.4
108,서울,2022-01-13,-6.4,-8.9,-3.1
108,서울,2022-01-14,-4.8,-10.1,1.3
108,서울,2022-01-15,-1,-5.3,1.8
108,서울,2022-01-16,-2,-7.2,2.4
108,서울,2022-01-17,-5.8,-9.2,.1
108,서울,2022-01-18,-5.6,-9.9,-.7
108,서울,2022-01-19,-5.3,-7.7,-2.7
108,서울,2022-01-20,-5,-9.8,.9
108,서울,2022-01-21,-2.7,-8.7,4.6
108,서울,2022-01-22,.3,-5,7.1
108,서울,2022-01-23,2,-.6,6.7
108,서울,2022-01-24,4.6,1.3,8.4
108,서울,2022-01-25,2.8,1.9,4.5
108,서울,2022-01-26,1.3,-1.9,6.8
108,서울,2022-01-27,-1.1,-4.6,4
108,서울,2022-01-28,-2.7,-5.9,2.1
108,서울,2022-01-29,-3.6,-7.2,.9
108,서울,2022-01-30,-2.8,-8,2.4
108,서울,2022-01-31,-.7,-6.8,4.8
108,서울,2022-02-01,-1.3,-2.7,.9
108,서울,2022-02-02,-3.4,-6,0
108,서울,2022-02-03,-3.4,-6.9,.4
108,서울,2022-02-04,-5.2,-8.2,-.7
108,서울,2022-02-05,-6.6,-9.7,-2
108,서울,2022-02-06,-3.9,-8.4,1.7
108,서울,2022-02-07,-2.5,-7.3,1.9
108,서울,2022-02-08,-.1,-4.1,5.6
108,서울,2022-02-09,1,-4.3,7.2
108,서울,2022-02-10,1.4,-3.2,6.7
108,서울,2022-02-11,2.9,-2.6,8.8
108,서울,2022-02-12,4.8,-.1,10.4
108,서울,2022-02-13,4.8,1.6,9.5
108,서울,2022-02-14,2.5,-1.3,8.1
108,서울,2022-02-15,-4.7,-7.7,-1.3
108,서울,2022-02-16,-7.3,-9.6,-4.1
108,서울,2022-02-17,-6.2,-10.7,-.5
108,서울,2022-02-18,-1.2,-8,5.7
108,서울,2022-02-19,-1.7,-6.2,3.7
108,서울,2022-02-20,-4.8,-8.4,-.5
108,서울,2022-02-21,-3,-8.1,3.6
108,서울,2022-02-22,-4.5,-8,.5
108,서울,2022-02-23,-5.6,-10,-.6
108,서울,2022-02-24,-2.4,-8.5,3.7
108,서울,2022-02-25,3,-3.6,8.4
108,서울,2022-02-26,5.4,1,9.3
108,서울,2022-02-27,3.7,-1.6,9.1
108,서울,2022-02-28,6.8,2.7,11.5
108,서울,2022-03-01,5.8,.3,9.7
108,서울,2022-03-02,3.5,-2.3,8.8
108,서울,2022-03-03,5.8,.9,12.4
108,서울,2022-03-04,6.9,.6,14.6
108,서울,2022-03-05,2.3,-.7,6.7
108,서울,2022-03-06,1.4,-3,6.8
108,서울,2022-03-07,2.8,-2.7,8.7
108,서울,2022-03-08,6,1.1,12.3
108,서울,2022-03-09,7.1,1.7,14.8
108,서울,2022-03-10,9.3,4.2,15.8
108,서울,2022-03-11,11.2,5.1,18.4
108,서울,2022-03-12,12.8,6.3,19.5
108,서울,2022-03-13,11.7,10.7,12.6
108,서울,2022-03-14,8.2,4.9,13.2
108,서울,2022-03-15,7.2,2.3,13.3
108,서울,2022-03-16,10.3,3.6,16.8
108,서울,2022-03-17,10.7,7.8,15.1
108,서울,2022-03-18,7.5,5.5,9.6
108,서울,2022-03-19,3.4,.9,6.1
108,서울,2022-03-20,5.4,2.2,9.3
108,서울,2022-03-21,5,-.3,10.9
108,서울,2022-03-22,7.1,1.1,13.6
108,서울,2022-03-23,6.2,4.9,8.2
108,서울,2022-03-24,8.2,3.9,12.4
108,서울,2022-03-25,12,6.3,17.2
108,서울,2022-03-26,11.8,9.5,14.7
108,서울,2022-03-27,8.1,5,12.6
108,서울,2022-03-28,8.2,1.5,15.1
108,서울,2022-03-29,9.7,3.3,15.6
108,서울,2022-03-30,10.8,5.9,15.7
108,서울,2022-03-31,10.9,7.6,14.7
108,서울,2022-04-01,9.2,4.5,14.9
108,서울,2022-04-02,8.2,3.7,14.2
108,서울,2022-04-03,9.6,3.5,17
108,서울,2022-04-04,10.3,5.1,16.4
108,서울,2022-04-05,10.3,4.9,15.8
108,서울,2022-04-06,11.7,8,17
108,서울,2022-04-07,10.9,7.4,15.7
108,서울,2022-04-08,12.9,5.1,20
108,서울,2022-04-09,17.8,12.4,24.2
108,서울,2022-04-10,18.2,12.7,25.1
108,서울,2022-04-11,19.6,13.4,26.6
108,서울,2022-04-12,19.3,15.9,26.4
108,서울,2022-04-13,13.1,12,15.9
108,서울,2022-04-14,13.2,11.4,15.3
108,서울,2022-04-15,13.3,7.5,19.3
108,서울,2022-04-16,13.2,7.1,20.2
108,서울,2022-04-17,14,7.2,21.9
108,서울,2022-04-18,15.2,11.4,21.6
108,서울,2022-04-19,15.2,8.9,22.1
108,서울,2022-04-20,15.7,9.7,22.1
108,서울,2022-04-21,16.3,9.6,22.7
108,서울,2022-04-22,15,13.2,16.8
108,서울,2022-04-23,17.7,10.4,25.3
108,서울,2022-04-24,18.5,15,24.5
108,서울,2022-04-25,20,17,23.6
108,서울,2022-04-26,21.9,17,28.7
108,서울,2022-04-27,17.7,12.6,23.9
108,서울,2022-04-28,18.2,11.6,25.9
108,서울,2022-04-29,13.4,10.7,16.5
108,서울,2022-04-30,13,10.5,17.8
108,서울,2022-05-01,13.4,7.9,19.2
108,서울,2022-05-02,14.2,9.1,19.4
108,서울,2022-05-03,14.8,9.1,20.8
108,서울,2022-05-04,17.8,10,25.2
108,서울,2022-05-05,18.9,12.5,25.8
108,서울,2022-05-06,19.6,13.7,25.6
108,서울,2022-05-07,18.4,15.3,23.1
108,서울,2022-05-08,15.3,11.7,18.2
108,서울,2022-05-09,17.9,11,25.3
108,서울,2022-05-10,19.9,13.6,26.3
108,서울,2022-05-11,19.7,16.6,25.2
108,서울,2022-05-12,20.9,14.1,28.1
108,서울,2022-05-13,19.4,15,25.2
108,서울,2022-05-14,15.7,11.9,20
108,서울,2022-05-15,16.2,10.5,22.4
108,서울,2022-05-16,17.3,10.9,23.7
108,서울,2022-05-17,20,13,27.4
108,서울,2022-05-18,20,15.7,25.4
108,서울,2022-05-19,19.9,16.1,24.2
108,서울,2022-05-20,20.6,15.6,25.8
108,서울,2022-05-21,20.1,16.1,26
108,서울,2022-05-22,20.3,15.7,25.8
108,서울,2022-05-23,23,17.8,30.7
108,서울,2022-05-24,22.9,16.7,30.2
108,서울,2022-05-25,21,16.7,26.7
108,서울,2022-05-26,18.7,14.1,23.5
108,서울,2022-05-27,20,16,25.6
108,서울,2022-05-28,22.3,15,29.3
108,서울,2022-05-29,23.1,19.3,29.7
108,서울,2022-05-30,20.8,17.2,24.7
108,서울,2022-05-31,20.7,14.2,27.2
108,서울,2022-06-01,22.1,16.2,28.6
108,서울,2022-06-02,21.5,17.1,26.9
108,서울,2022-06-03,24.5,18.7,32.6
108,서울,2022-06-04,25.6,20.3,29.7
108,서울,2022-06-05,22.7,20.2,27
108,서울,2022-06-06,19.7,16.7,24.5
108,서울,2022-06-07,20.6,15.1,25.1
108,서울,2022-06-08,21.2,16.2,25.8
108,서울,2022-06-09,20.9,18.5,24.5
108,서울,2022-06-10,20.9,17.2,26.6
108,서울,2022-06-11,24.6,17.7,32.7
108,서울,2022-06-12,24.6,18.9,31.5
108,서울,2022-06-13,23.6,19.6,29.2
108,서울,2022-06-14,21.5,17.7,27.1
108,서울,2022-06-15,17.5,14.9,20.1
108,서울,2022-06-16,20.3,17.6,24.8
108,서울,2022-06-17,22.5,16.5,28.1
108,서울,2022-06-18,23.3,22,25.1
108,서울,2022-06-19,23.4,22.3,25.1
108,서울,2022-06-20,25.2,22,29
108,서울,2022-06-21,26.5,21.2,32.6
108,서울,2022-06-22,25.9,21.9,31
108,서울,2022-06-23,24.3,23.3,26.4
108,서울,2022-06-24,22.6,20.6,24.9
108,서울,2022-06-25,26,21.5,30.5
108,서울,2022-06-26,26.5,24.8,28.1
108,서울,2022-06-27,26.8,25.4,28.1
108,서울,2022-06-28,26.9,25.7,27.9
108,서울,2022-06-29,25.1,24.4,26.1
108,서울,2022-06-30,22.3,21.2,24.5
108,서울,2022-07-01,26.6,21.9,30.9
108,서울,2022-07-02,28.8,24,33.8
108,서울,2022-07-03,29.3,24.4,34.2
108,서울,2022-07-04,29.3,26.4,32.6
108,서울,2022-07-05,29.2,26.7,33.1
108,서울,2022-07-06,29.5,26.2,33.3
108,서울,2022-07-07,28.2,26.4,31
108,서울,2022-07-08,25.8,24,27.9
108,서울,2022-07-09,26.9,24,30.9
108,서울,2022-07-10,29.2,24.6,35.1
108,서울,2022-07-11,27,24.7,30.6
108,서울,2022-07-12,26.8,23.2,29.4
108,서울,2022-07-13,25,24,27.1
108,서울,2022-07-14,25.7,23.3,29.9
108,서울,2022-07-15,26,23,30.3
108,서울,2022-07-16,24.8,23.2,28.2
108,서울,2022-07-17,25.5,22.5,29.7
108,서울,2022-07-18,26.8,23.1,30.1
108,서울,2022-07-19,27.4,24.3,31.1
108,서울,2022-07-20,27.1,24.3,30.4
108,서울,2022-07-21,23.2,20.8,25.2
108,서울,2022-07-22,25.1,22.9,27.5
108,서울,2022-07-23,24.8,22.3,28
108,서울,2022-07-24,25,22,28.4
108,서울,2022-07-25,27.5,23.6,32
108,서울,2022-07-26,28.9,24.4,33.1
108,서울,2022-07-27,29.3,26.4,33.4
108,서울,2022-07-28,29.7,25.1,34.4
108,서울,2022-07-29,30.7,27.3,34.3
108,서울,2022-07-30,30.9,27.3,36.1
108,서울,2022-07-31,27.2,25.4,29
108,서울,2022-08-01,28.6,25.4,32.4
108,서울,2022-08-02,26.8,25.5,28.5
108,서울,2022-08-03,27.1,25.2,30
108,서울,2022-08-04,28.9,26,32.9
108,서울,2022-08-05,29.4,27,32.7
108,서울,2022-08-06,28.7,27.4,30.3
108,서울,2022-08-07,28.9,27.2,31.7
108,서울,2022-08-08,26.8,,28.4
108,서울,2022-08-09,25.1,22,26.5
108,서울,2022-08-10,24.7,21.4,28.8
108,서울,2022-08-11,25,23.4,27.5
108,서울,2022-08-12,27,23,32.4
108,서울,2022-08-13,25.8,24.7,27.5
108,서울,2022-08-14,27.6,24.5,31.5
108,서울,2022-08-15,28.1,26.6,29.8
108,서울,2022-08-16,26.7,24.1,30
108,서울,2022-08-17,26,22.8,30.5
108,서울,2022-08-18,25.6,22.4,29.8
108,서울,2022-08-19,26,23.3,27.5
108,서울,2022-08-20,28.2,25.7,32
108,서울,2022-08-21,28.1,24.7,32
108,서울,2022-08-22,26.8,22.9,30.2
108,서울,2022-08-23,25.4,22.4,30.2
108,서울,2022-08-24,24.8,22.4,27.9
108,서울,2022-08-25,22.2,21.1,24
108,서울,2022-08-26,23.8,19.9,28.4
108,서울,2022-08-27,21.5,17.6,25.5
108,서울,2022-08-28,22.6,16.1,28.4
108,서울,2022-08-29,21,19.5,22.5
108,서울,2022-08-30,19.1,17.9,20.3
108,서울,2022-08-31,21.7,19.6,24.9
108,서울,2022-09-01,24,18.3,30.4
108,서울,2022-09-02,24.7,20.3,29.8
108,서울,2022-09-03,24.2,20.5,29.2
108,서울,2022-09-04,22.3,19.8,24
108,서울,2022-09-05,19.2,17.7,22.7
108,서울,2022-09-06,21,17,26.3
108,서울,2022-09-07,22.8,17.9,28.1
108,서울,2022-09-08,23.2,16.7,29.5
108,서울,2022-09-09,24.3,18.9,30.8
108,서울,2022-09-10,23.6,19,28.4
108,서울,2022-09-11,23.3,20.6,26.4
108,서울,2022-09-12,23.8,20.3,27.5
108,서울,2022-09-13,24.3,21.8,26.4
108,서울,2022-09-14,24.6,22.7,27.9
108,서울,2022-09-15,25.2,22,28.3
108,서울,2022-09-16,25.7,23.4,29.9
108,서울,2022-09-17,25.6,23.3,29.4
108,서울,2022-09-18,27.1,23,32.5
108,서울,2022-09-19,24.6,19.5,29.6
108,서울,2022-09-20,19.9,16.1,24.6
108,서울,2022-09-21,19.4,13,25.6
108,서울,2022-09-22,19.8,14.2,24.7
108,서울,2022-09-23,17.5,14.7,22.2
108,서울,2022-09-24,18.5,12.3,24.2
108,서울,2022-09-25,19.6,15.4,25.2
108,서울,2022-09-26,20,14.8,25.4
108,서울,2022-09-27,20.9,14,28
108,서울,2022-09-28,20.4,16.1,26.1
108,서울,2022-09-29,20.4,16.4,26.5
108,서울,2022-09-30,20.7,14.8,27.7
108,서울,2022-10-01,20.9,14.4,27.6
108,서울,2022-10-02,19.4,17.2,21.6
108,서울,2022-10-03,21.4,17.5,23.4
108,서울,2022-10-04,17.9,14.2,23
108,서울,2022-10-05,16.6,14.1,21.6
108,서울,2022-10-06,15.8,12.7,19.1
108,서울,2022-10-07,14.3,11,18.6
108,서울,2022-10-08,15.8,11.1,21.6
108,서울,2022-10-09,13.1,10.7,14.5
108,서울,2022-10-10,9.9,8.2,11.9
108,서울,2022-10-11,11.1,7.4,16.4
108,서울,2022-10-12,13.5,6.5,20.6
108,서울,2022-10-13,16.3,10.7,22.7
108,서울,2022-10-14,17.1,12.4,23
108,서울,2022-10-15,18.2,12.6,24.4
108,서울,2022-10-16,16.9,15.1,20.5
108,서울,2022-10-17,11.2,7.4,15.1
108,서울,2022-10-18,9.4,5,14.2
108,서울,2022-10-19,10.5,4.4,16.8
108,서울,2022-10-20,12.9,6,19.7
108,서울,2022-10-21,14,8.8,20.9
108,서울,2022-10-22,15.1,10.5,20.8
108,서울,2022-10-23,14,10.4,18.6
108,서울,2022-10-24,10.6,7.5,14.8
108,서울,2022-10-25,11.3,5.9,17.6
108,서울,2022-10-26,12.9,8,17.8
108,서울,2022-10-27,13.2,8.6,18.9
108,서울,2022-10-28,13.6,8.2,20.6
108,서울,2022-10-29,14.8,10.2,21.3
108,서울,2022-10-30,14.9,10.4,21.3
108,서울,2022-10-31,14.9,11.2,21.1
108,서울,2022-11-01,13.1,9.4,17.8
108,서울,2022-11-02,11.1,5.5,17.9
108,서울,2022-11-03,9.3,5.6,13.4
108,서울,2022-11-04,4.9,1.6,9.8
108,서울,2022-11-05,6.5,.8,13.6
108,서울,2022-11-06,9.6,3.7,16.4
108,서울,2022-11-07,11.4,6.1,16.6
108,서울,2022-11-08,12.9,9.7,17.9
108,서울,2022-11-09,11.4,6.7,16
108,서울,2022-11-10,13.5,8.8,19.1
108,서울,2022-11-11,15.6,10.9,22.1
108,서울,2022-11-12,16.3,11.6,22
108,서울,2022-11-13,10.3,8.7,17.3
108,서울,2022-11-14,9.7,5.9,13.8
108,서울,2022-11-15,8.1,4,12.3
108,서울,2022-11-16,8.5,5.5,13
108,서울,2022-11-17,10.2,5.4,16.6
108,서울,2022-11-18,11,5.3,18.1
108,서울,2022-11-19,12.9,8.7,19.2
108,서울,2022-11-20,13.7,9.5,20.2
108,서울,2022-11-21,11.8,9.3,16.2
108,서울,2022-11-22,10.7,7,13.7
108,서울,2022-11-23,10.8,6.8,15.2
108,서울,2022-11-24,9.4,5.9,14.1
108,서울,2022-11-25,12.3,7.1,17.8
108,서울,2022-11-26,6.7,1,12.9
108,서울,2022-11-27,5.4,-1.1,11.5
108,서울,2022-11-28,12.3,7.5,15
108,서울,2022-11-29,6.9,-1.6,15
108,서울,2022-11-30,-5.4,-8.1,-1.6
108,서울,2022-12-01,-5.4,-9.4,-1.2
108,서울,2022-12-02,-2.5,-7.6,3
108,서울,2022-12-03,2.1,-.3,7
108,서울,2022-12-04,-3.5,-5.2,-.2
108,서울,2022-12-05,-3.1,-7,1.9
108,서울,2022-12-06,.9,-3.9,5.3
108,서울,2022-12-07,4.9,1.2,9
108,서울,2022-12-08,3.7,.1,9.1
108,서울,2022-12-09,4.5,.9,10.2
108,서울,2022-12-10,2.6,-.6,6.7
108,서울,2022-12-11,1.6,-1.5,6.8
108,서울,2022-12-12,2,-2,6.3
108,서울,2022-12-13,0,-6.4,3.1
108,서울,2022-12-14,-8.4,-11,-4.9
108,서울,2022-12-15,-4.5,-8.5,-1.3
108,서울,2022-12-16,-6.3,-9.6,-2.2
108,서울,2022-12-17,-7,-9.8,-3.2
108,서울,2022-12-18,-9.5,-12.4,-5.6
108,서울,2022-12-19,-7,-12,-2.5
108,서울,2022-12-20,-3.2,-9.5,2.9
108,서울,2022-12-21,-.1,-2.6,2.6
108,서울,2022-12-22,-7.8,-11.3,-2.6
108,서울,2022-12-23,-11.8,-13.7,-8.6
108,서울,2022-12-24,-8.4,-13.5,-2
108,서울,2022-12-25,-5.4,-9.6,.2
108,서울,2022-12-26,-3.9,-7.9,1.7
108,서울,2022-12-27,-2.6,-7.3,3.3
108,서울,2022-12-28,-3.3,-6,.1
108,서울,2022-12-29,-2.9,-7.8,2.1
108,서울,2022-12-30,-1.8,-4.4,2.3
108,서울,2022-12-31,-1.2,-5.1,2.1
133,대전,2022-01-01,-4.4,-10,2.3
133,대전,2022-01-02,-1.2,-6.2,6.3
133,대전,2022-01-03,-1.7,-7.9,4.2
133,대전,2022-01-04,.1,-4.2,5.4
133,대전,2022-01-05,-1.4,-5.7,2.6
133,대전,2022-01-06,-.7,-5.4,6.2
133,대전,2022-01-07,-1.5,-7.5,6.9
133,대전,2022-01-08,.7,-7,7.1
133,대전,2022-01-09,2.5,-1.9,8
133,대전,2022-01-10,.7,-4.6,7
133,대전,2022-01-11,-3.8,-7.3,.7
133,대전,2022-01-12,-5.1,-10.8,1.6
133,대전,2022-01-13,-4.5,-6.8,-.3
133,대전,2022-01-14,-4,-10.4,3.5
133,대전,2022-01-15,.6,-6.2,6.3
133,대전,2022-01-16,.7,-4.3,4.2
133,대전,2022-01-17,-3.1,-7.2,2.3
133,대전,2022-01-18,-4.4,-9.7,2.6
133,대전,2022-01-19,-3.2,-9.5,4.1
133,대전,2022-01-20,-4,-9.4,3.2
133,대전,2022-01-21,-1.9,-9.1,6.8
133,대전,2022-01-22,3.6,-2.8,9.3
133,대전,2022-01-23,4.6,.5,10.2
133,대전,2022-01-24,4.1,-2.4,9.9
133,대전,2022-01-25,3.4,1.3,4.8
133,대전,2022-01-26,2.7,-.5,6.6
133,대전,2022-01-27,.3,-3.4,6.5
133,대전,2022-01-28,-1,-5.1,5.2
133,대전,2022-01-29,-2,-5.9,4.6
133,대전,2022-01-30,-2,-7.1,4.7
133,대전,2022-01-31,-.5,-7.6,7.2
133,대전,2022-02-01,.4,-.9,2.2
133,대전,2022-02-02,-.2,-3.9,4
133,대전,2022-02-03,-1.7,-5.2,4.3
133,대전,2022-02-04,-2.4,-5,2.6
133,대전,2022-02-05,-4.9,-9.1,.2
133,대전,2022-02-06,-3,-8.6,2.9
133,대전,2022-02-07,-2.1,-7.5,2.7
133,대전,2022-02-08,-.1,-5.7,7
133,대전,2022-02-09,1.5,-6,8.9
133,대전,2022-02-10,2.9,-1.3,9.4
133,대전,2022-02-11,2.8,-4.7,10.7
133,대전,2022-02-12,4.3,-1.9,12.5
133,대전,2022-02-13,5,-.4,11.7
133,대전,2022-02-14,4.1,-2,12.3
133,대전,2022-02-15,-2.3,-6.1,1
133,대전,2022-02-16,-5.6,-8.7,-1.7
133,대전,2022-02-17,-5.5,-10.6,.4
133,대전,2022-02-18,-.9,-9.5,8.1
133,대전,2022-02-19,.5,-3.4,5.2
133,대전,2022-02-20,-3.2,-6.6,1.3
133,대전,2022-02-21,-.7,-7.5,5.5
133,대전,2022-02-22,-2.2,-7.1,3
133,대전,2022-02-23,-4.1,-8.6,2.5
133,대전,2022-02-24,-1.6,-9.3,5.9
133,대전,2022-02-25,2.9,-5.2,10.1
133,대전,2022-02-26,6.8,2,12.7
133,대전,2022-02-27,5,-1.3,12.2
133,대전,2022-02-28,6.9,-1.1,14.1
133,대전,2022-03-01,6.7,1.2,12.7
133,대전,2022-03-02,3.8,-2.9,11.6
133,대전,2022-03-03,7,-.5,14.6
133,대전,2022-03-04,8.6,-.3,16.8
133,대전,2022-03-05,3.9,-.7,9
133,대전,2022-03-06,2.2,-2.9,9.6
133,대전,2022-03-07,4.3,-2.9,12.1
133,대전,2022-03-08,6.1,-2.1,15.3
133,대전,2022-03-09,7.8,-.3,16.7
133,대전,2022-03-10,9.6,.9,18.3
133,대전,2022-03-11,11,3.8,17.6
133,대전,2022-03-12,15.3,9,21.6
133,대전,2022-03-13,14.4,13,16.7
133,대전,2022-03-14,11.3,6,15.5
133,대전,2022-03-15,9.4,3.5,16.3
133,대전,2022-03-16,11.3,3.1,19.4
133,대전,2022-03-17,9.1,6.4,11.1
133,대전,2022-03-18,6.4,5,8.5
133,대전,2022-03-19,4.1,2.9,6.2
133,대전,2022-03-20,5.1,2,10.4
133,대전,2022-03-21,5.8,-1.1,12.4
133,대전,2022-03-22,6.9,1,13.6
133,대전,2022-03-23,5.8,3.1,9.6
133,대전,2022-03-24,8.7,1.2,15.6
133,대전,2022-03-25,12.6,5.3,19
133,대전,2022-03-26,11,7.9,14.7
133,대전,2022-03-27,8.4,2.9,16.6
133,대전,2022-03-28,7.7,-.5,16.1
133,대전,2022-03-29,10.7,1.6,18.9
133,대전,2022-03-30,12.4,4.8,18.3
133,대전,2022-03-31,11.4,8,15
133,대전,2022-04-01,9.7,4.3,15.9
133,대전,2022-04-02,8.1,1.4,15.7
133,대전,2022-04-03,9.6,1.1,17.9
133,대전,2022-04-04,10.8,2.7,19.7
133,대전,2022-04-05,10.3,2.7,17.8
133,대전,2022-04-06,12.5,5,20.9
133,대전,2022-04-07,11.9,7.6,18.9
133,대전,2022-04-08,13.9,3.2,23
133,대전,2022-04-09,18.2,9.8,25.9
133,대전,2022-04-10,18.6,10,27.6
133,대전,2022-04-11,20.6,12.1,28.3
133,대전,2022-04-12,20.7,14.8,27.2
133,대전,2022-04-13,14,9.1,17.9
133,대전,2022-04-14,10.7,8.7,14.1
133,대전,2022-04-15,12.6,6.4,19.5
133,대전,2022-04-16,13.1,6.1,20.5
133,대전,2022-04-17,13.9,4.7,22.5
133,대전,2022-04-18,15,9.2,23.3
133,대전,2022-04-19,15.7,7.1,24.7
133,대전,2022-04-20,15.2,6.3,23
133,대전,2022-04-21,14.6,7.5,21.3
133,대전,2022-04-22,16.7,10.8,23.6
133,대전,2022-04-23,18.9,12.7,26.1
133,대전,2022-04-24,19.7,14.1,26.9
133,대전,2022-04-25,20.1,15,26.1
133,대전,2022-04-26,18.8,15.9,24.1
133,대전,2022-04-27,17.2,10.4,24.2
133,대전,2022-04-28,17.8,10.4,26.4
133,대전,2022-04-29,13.1,9.3,16.5
133,대전,2022-04-30,13.7,10,18.1
133,대전,2022-05-01,13.4,6.9,20.1
133,대전,2022-05-02,13.9,8.5,20.1
133,대전,2022-05-03,14.1,5.5,21.4
133,대전,2022-05-04,16.7,7.4,25
133,대전,2022-05-05,18.5,8.9,26.7
133,대전,2022-05-06,19.6,11.9,28.3
133,대전,2022-05-07,18.3,13,24.8
133,대전,2022-05-08,17.1,11.5,23.7
133,대전,2022-05-09,17.3,10.6,23.7
133,대전,2022-05-10,19.2,11.5,26.3
133,대전,2022-05-11,20,14.8,26.1
133,대전,2022-05-12,21,15.2,28.3
133,대전,2022-05-13,19,15.1,22.1
133,대전,2022-05-14,15.7,10.1,22.8
133,대전,2022-05-15,15.5,8.9,22.2
133,대전,2022-05-16,16.6,7.4,24.6
133,대전,2022-05-17,20.4,10.9,28.4
133,대전,2022-05-18,22.4,16.7,28.4
133,대전,2022-05-19,20.7,16.9,25.8
133,대전,2022-05-20,20.7,13.8,28.1
133,대전,2022-05-21,20.8,14.2,28.7
133,대전,2022-05-22,21.1,15.6,27.8
133,대전,2022-05-23,22.6,15.9,30.3
133,대전,2022-05-24,23.1,14.9,31.4
133,대전,2022-05-25,22.3,15.6,29.6
133,대전,2022-05-26,19.4,13.6,26.1
133,대전,2022-05-27,21.5,15.8,28.5
133,대전,2022-05-28,23.1,16.5,29.9
133,대전,2022-05-29,23.4,15,31.6
133,대전,2022-05-30,21.4,18.1,25.4
133,대전,2022-05-31,21.4,13,28.7
133,대전,2022-06-01,23.2,15,31.8
133,대전,2022-06-02,22.5,14.5,29.7
133,대전,2022-06-03,24.8,17.6,33.1
133,대전,2022-06-04,25.1,18.8,30.6
133,대전,2022-06-05,18.6,16.9,24.7
133,대전,2022-06-06,19.4,16.6,23.7
133,대전,2022-06-07,17.3,14.8,20.5
133,대전,2022-06-08,20.7,15.4,27.9
133,대전,2022-06-09,22.4,18.5,27.7
133,대전,2022-06-10,23.6,17.1,30.1
133,대전,2022-06-11,24.3,19,31.5
133,대전,2022-06-12,24.3,19.3,29.6
133,대전,2022-06-13,23.1,19.7,27.8
133,대전,2022-06-14,17.9,15.9,20.7
133,대전,2022-06-15,19.8,15.4,26.2
133,대전,2022-06-16,22,18.8,27.7
133,대전,2022-06-17,23.4,17.1,29.5
133,대전,2022-06-18,25.2,21.7,29.6
133,대전,2022-06-19,25.1,21.6,29.2
133,대전,2022-06-20,26.8,22.2,33
133,대전,2022-06-21,28.1,21.9,35.7
133,대전,2022-06-22,27.5,22.1,33.9
133,대전,2022-06-23,25.1,22.8,29.9
133,대전,2022-06-24,25,23.1,29.1
133,대전,2022-06-25,27.8,22.8,32.9
133,대전,2022-06-26,27.4,24.9,31.1
133,대전,2022-06-27,28,25.3,31.1
133,대전,2022-06-28,29.4,27.4,32
133,대전,2022-06-29,26.7,23.9,29.8
133,대전,2022-06-30,27.2,24.5,31.6
133,대전,2022-07-01,28.6,22.6,34.5
133,대전,2022-07-02,29.6,23.6,35.3
133,대전,2022-07-03,28.1,23.2,34.7
133,대전,2022-07-04,27.6,23.4,33.5
133,대전,2022-07-05,28.2,24.6,33.7
133,대전,2022-07-06,30.1,25.5,35.4
133,대전,2022-07-07,29.5,26.3,34.1
133,대전,2022-07-08,27.6,24.4,31.9
133,대전,2022-07-09,26.5,23.2,30
133,대전,2022-07-10,28.7,24,35.1
133,대전,2022-07-11,25.1,23.1,28.2
133,대전,2022-07-12,27,23.1,30.4
133,대전,2022-07-13,24.8,23.8,26.4
133,대전,2022-07-14,26,24,30
133,대전,2022-07-15,26.1,22,31.5
133,대전,2022-07-16,26.2,22.5,31.4
133,대전,2022-07-17,26,21.7,30.9
133,대전,2022-07-18,22.3,21.1,25.5
133,대전,2022-07-19,25,20.9,30.3
133,대전,2022-07-20,27.6,22.9,32.7
133,대전,2022-07-21,23.8,22.7,26.3
133,대전,2022-07-22,25.7,22.1,30.5
133,대전,2022-07-23,24.8,21.6,29.1
133,대전,2022-07-24,24.7,22.1,27.4
133,대전,2022-07-25,27.2,23.5,32.6
133,대전,2022-07-26,28.4,22.9,34.2
133,대전,2022-07-27,27.6,24.5,31.8
133,대전,2022-07-28,28.2,23.3,33.3
133,대전,2022-07-29,30.3,25.3,35
133,대전,2022-07-30,28.8,26.3,32.5
133,대전,2022-07-31,25.9,24.7,27.8
133,대전,2022-08-01,27.6,24.6,32.3
133,대전,2022-08-02,27.9,25.4,31.7
133,대전,2022-08-03,29.3,26.5,33.4
133,대전,2022-08-04,29.2,25.5,34.1
133,대전,2022-08-05,28.7,25.7,33.3
133,대전,2022-08-06,29.9,26,34.3
133,대전,2022-08-07,29.9,27,34.3
133,대전,2022-08-08,28.6,27.7,29.8
133,대전,2022-08-09,28,25.1,31.4
133,대전,2022-08-10,25.3,23.9,28.1
133,대전,2022-08-11,24.4,24,26.2
133,대전,2022-08-12,27.3,23.5,32.7
133,대전,2022-08-13,26,24,29.5
133,대전,2022-08-14,26.7,24.1,30.4
133,대전,2022-08-15,28.1,25.4,31.3
133,대전,2022-08-16,25.8,23.3,30
133,대전,2022-08-17,25.6,22.6,30.4
133,대전,2022-08-18,25.1,20.3,30.6
133,대전,2022-08-19,26.4,21.4,29.7
133,대전,2022-08-20,27,24.9,31.1
133,대전,2022-08-21,27.5,23.6,32.8
133,대전,2022-08-22,27.3,23.6,31.7
133,대전,2022-08-23,23.8,22.3,26
133,대전,2022-08-24,22.7,20.6,25
133,대전,2022-08-25,22.3,18.8,28.5
133,대전,2022-08-26,22.9,16.7,29.1
133,대전,2022-08-27,21.6,17.2,26.5
133,대전,2022-08-28,22.1,15.4,28.2
133,대전,2022-08-29,19.6,17.7,21.8
133,대전,2022-08-30,19.1,17.4,20.6
133,대전,2022-08-31,21,19.7,23.3
133,대전,2022-09-01,22.4,19.7,27.8
133,대전,2022-09-02,22.6,18.1,27.3
133,대전,2022-09-03,23.4,20.7,26.7
133,대전,2022-09-04,24.5,21.4,28.1
133,대전,2022-09-05,22.6,18.7,25.4
133,대전,2022-09-06,20.2,17.1,25.8
133,대전,2022-09-07,20.9,15.8,28.2
133,대전,2022-09-08,22,14.3,29.9
133,대전,2022-09-09,22.9,17.4,29.2
133,대전,2022-09-10,22,18,26.3
133,대전,2022-09-11,24,20,28.9
133,대전,2022-09-12,22.9,20.5,26
133,대전,2022-09-13,24.5,21.2,28.5
133,대전,2022-09-14,25,22.2,29.1
133,대전,2022-09-15,25.2,21.6,29.8
133,대전,2022-09-16,25.4,21.1,31.3
133,대전,2022-09-17,27.2,23.2,33
133,대전,2022-09-18,27.3,23.8,33.1
133,대전,2022-09-19,24.5,17.7,29.6
133,대전,2022-09-20,19.2,15.1,24.7
133,대전,2022-09-21,18.8,12.9,24.7
133,대전,2022-09-22,18.4,12.9,24
133,대전,2022-09-23,17.7,12.6,24.5
133,대전,2022-09-24,17.5,11.3,23.8
133,대전,2022-09-25,18.5,14.4,24.8
133,대전,2022-09-26,18.7,14.9,25.8
133,대전,2022-09-27,19.4,12.8,28.1
133,대전,2022-09-28,19.2,14.2,25.4
133,대전,2022-09-29,18.8,14,26.4
133,대전,2022-09-30,19.4,13,29.2
133,대전,2022-10-01,20.1,13.1,28.3
133,대전,2022-10-02,21.1,16.9,27.6
133,대전,2022-10-03,22.8,18.1,26.3
133,대전,2022-10-04,20,15.3,24.1
133,대전,2022-10-05,16.2,13.7,21.9
133,대전,2022-10-06,16.5,14,21.4
133,대전,2022-10-07,15.8,12.4,20.5
133,대전,2022-10-08,15.8,9.7,22
133,대전,2022-10-09,13,10.9,14.8
133,대전,2022-10-10,10.9,8.6,14
133,대전,2022-10-11,12,8.4,18.6
133,대전,2022-10-12,13,5.6,21.7
133,대전,2022-10-13,15.1,9,22.9
133,대전,2022-10-14,15.9,10.4,23.1
133,대전,2022-10-15,18.2,13.2,24.9
133,대전,2022-10-16,17.7,14.6,23.3
133,대전,2022-10-17,12.4,6.5,16.8
133,대전,2022-10-18,8.8,4.1,15.4
133,대전,2022-10-19,9.2,2.2,17.4
133,대전,2022-10-20,11,3.2,19.8
133,대전,2022-10-21,12.2,6.2,18.8
133,대전,2022-10-22,14.4,8.3,22
133,대전,2022-10-23,13.1,8.3,19.6
133,대전,2022-10-24,9.7,5.6,15.9
133,대전,2022-10-25,9.6,2.5,17.2
133,대전,2022-10-26,11.1,4,18.7
133,대전,2022-10-27,12.5,6.3,20.5
133,대전,2022-10-28,13.2,7.5,21.2
133,대전,2022-10-29,13.5,7.8,21.4
133,대전,2022-10-30,13.9,7.8,21.5
133,대전,2022-10-31,14.1,9.4,21
133,대전,2022-11-01,12.5,8.1,19.4
133,대전,2022-11-02,10.9,5,19.8
133,대전,2022-11-03,9.4,3.8,16.7
133,대전,2022-11-04,5.9,1.6,11.7
133,대전,2022-11-05,6.1,-1.4,14.3
133,대전,2022-11-06,8,.9,16.6
133,대전,2022-11-07,9.6,2.4,17.4
133,대전,2022-11-08,12,6.3,19.9
133,대전,2022-11-09,10.3,6.2,17.3
133,대전,2022-11-10,11.7,4.7,19.9
133,대전,2022-11-11,13.9,6.8,23.1
133,대전,2022-11-12,16.6,8.4,25.3
133,대전,2022-11-13,11.6,9.3,18.4
133,대전,2022-11-14,9.5,5.5,14.3
133,대전,2022-11-15,8.3,2.2,14.8
133,대전,2022-11-16,8.9,4.4,15.1
133,대전,2022-11-17,8.9,3.6,16.6
133,대전,2022-11-18,9.1,2.3,19.1
133,대전,2022-11-19,11.1,3.1,19.6
133,대전,2022-11-20,12.4,8.5,19.6
133,대전,2022-11-21,11.7,5.1,20.1
133,대전,2022-11-22,10.8,8.1,14.3
133,대전,2022-11-23,10.6,5.1,17.3
133,대전,2022-11-24,7.8,3.3,15.4
133,대전,2022-11-25,9.5,2.1,17.7
133,대전,2022-11-26,9.3,1.8,15
133,대전,2022-11-27,6,-1.1,14.8
133,대전,2022-11-28,7.3,2.2,11
133,대전,2022-11-29,8.5,1.3,12.3
133,대전,2022-11-30,-2.9,-5.5,1.3
133,대전,2022-12-01,-3.3,-7.4,1.4
133,대전,2022-12-02,-1.6,-6.1,4
133,대전,2022-12-03,2.7,-2.3,6.8
133,대전,2022-12-04,-1.4,-3.3,3.8
133,대전,2022-12-05,-2.2,-4.6,3.6
133,대전,2022-12-06,.8,-5.5,6.7
133,대전,2022-12-07,4.4,.4,9
133,대전,2022-12-08,3.5,-1.7,11.1
133,대전,2022-12-09,4,-1.8,12.5
133,대전,2022-12-10,1.7,-2.1,5.3
133,대전,2022-12-11,1.8,-3,8.9
133,대전,2022-12-12,1.6,-4.1,7
133,대전,2022-12-13,1.7,-2.7,4.4
133,대전,2022-12-14,-7.3,-10.2,-2.5
133,대전,2022-12-15,-1.4,-9.2,5.5
133,대전,2022-12-16,-4.3,-7.1,-1.4
133,대전,2022-12-17,-6,-9.8,-2.4
133,대전,2022-12-18,-8.4,-11.4,-3.7
133,대전,2022-12-19,-5.5,-11.7,.6
133,대전,2022-12-20,-2.3,-8.7,4.3
133,대전,2022-12-21,.2,-2.1,1.8
133,대전,2022-12-22,-5.1,-9.5,-.2
133,대전,2022-12-23,-8,-10.8,-4.5
133,대전,2022-12-24,-8.7,-13.5,-3.2
133,대전,2022-12-25,-4.8,-11,2.8
133,대전,2022-12-26,-3.6,-8.4,1.7
133,대전,2022-12-27,-2.3,-8.4,4.9
133,대전,2022-12-28,-2.3,-4.9,2.8
133,대전,2022-12-29,-3.2,-8,2.3
133,대전,2022-12-30,-1.1,-3.7,3.2
133,대전,2022-12-31,-1.1,-4.8,4.3
184,제주,2022-01-01,4.9,.9,8.9
184,제주,2022-01-02,7.2,4.2,11.4
184,제주,2022-01-03,6,2.5,10.7
184,제주,2022-01-04,6.8,4.8,9.3
184,제주,2022-01-05,5.8,3.3,6.8
184,제주,2022-01-06,7.3,5.3,10.1
184,제주,2022-01-07,5.6,2.2,10.4
184,제주,2022-01-08,6.6,3.5,8.3
184,제주,2022-01-09,7.7,5.2,9.6
184,제주,2022-01-10,7.6,5.5,10.3
184,제주,2022-01-11,3.6,1.3,7.7
184,제주,2022-01-12,3.8,1.6,5.5
184,제주,2022-01-13,4,3.1,6.2
184,제주,2022-01-14,4.3,3,7.6
184,제주,2022-01-15,7.4,3.8,11.5
184,제주,2022-01-16,7,3.9,9.5
184,제주,2022-01-17,5.5,3.8,7.2
184,제주,2022-01-18,3.8,1.4,7
184,제주,2022-01-19,5.3,.7,10.4
184,제주,2022-01-20,2.9,.8,5.9
184,제주,2022-01-21,6,.3,10.7
184,제주,2022-01-22,10.6,7.2,14.4
184,제주,2022-01-23,10.5,9.4,12.2
184,제주,2022-01-24,10.3,9,12.4
184,제주,2022-01-25,8.8,7.5,9.5
184,제주,2022-01-26,7.5,6.5,9.6
184,제주,2022-01-27,5.9,4.7,7.5
184,제주,2022-01-28,5.2,4.2,7.9
184,제주,2022-01-29,4.6,4,6.6
184,제주,2022-01-30,4.8,3.5,7.9
184,제주,2022-01-31,5.9,3.4,9.1
184,제주,2022-02-01,6.3,4.3,8.4
184,제주,2022-02-02,5,3.7,7.5
184,제주,2022-02-03,5,3.2,8.3
184,제주,2022-02-04,4.4,1.9,7.3
184,제주,2022-02-05,3.6,1.9,4.6
184,제주,2022-02-06,4.5,2.3,7.2
184,제주,2022-02-07,4.4,3,6.6
184,제주,2022-02-08,5.4,2.6,8.9
184,제주,2022-02-09,5.9,1.6,9.9
184,제주,2022-02-10,6.9,4.9,9.8
184,제주,2022-02-11,7.5,2.8,11.4
184,제주,2022-02-12,10,7.6,12.6
184,제주,2022-02-13,10.1,8.1,11.9
184,제주,2022-02-14,9.3,7.3,13.7
184,제주,2022-02-15,3.9,1.9,7.5
184,제주,2022-02-16,2.3,.8,4.3
184,제주,2022-02-17,1.1,.2,2.6
184,제주,2022-02-18,6,.2,11.1
184,제주,2022-02-19,5.2,2.9,6.9
184,제주,2022-02-20,1.8,0,3.4
184,제주,2022-02-21,5,2.2,8
184,제주,2022-02-22,4.4,3.1,7.1
184,제주,2022-02-23,1.9,.6,4.1
184,제주,2022-02-24,3.4,.5,6.7
184,제주,2022-02-25,6.6,2.9,11.7
184,제주,2022-02-26,9.8,3.6,16.2
184,제주,2022-02-27,7.4,4.2,11.6
184,제주,2022-02-28,8.7,3.1,13.2
184,제주,2022-03-01,10.1,6.4,13.6
184,제주,2022-03-02,6.4,4.8,8.9
184,제주,2022-03-03,10,5,14.7
184,제주,2022-03-04,12.6,7,16.6
184,제주,2022-03-05,8.9,5.6,14.8
184,제주,2022-03-06,6.4,4.5,10
184,제주,2022-03-07,7.5,4.6,11.5
184,제주,2022-03-08,9.5,5,14.1
184,제주,2022-03-09,11,7.5,15.1
184,제주,2022-03-10,12.5,6.5,17.7
184,제주,2022-03-11,16.5,12.3,21.4
184,제주,2022-03-12,17,12.9,22.3
184,제주,2022-03-13,17.7,13.9,20.3
184,제주,2022-03-14,13.8,9.6,17.1
184,제주,2022-03-15,10.4,6.3,14.5
184,제주,2022-03-16,13.7,9,18.4
184,제주,2022-03-17,13.4,11.3,17.2
184,제주,2022-03-18,10.3,8.9,11.8
184,제주,2022-03-19,7.7,6.3,9.4
184,제주,2022-03-20,7.9,6.6,10.2
184,제주,2022-03-21,9.3,6.4,12.2
184,제주,2022-03-22,9.4,7.1,12.5
184,제주,2022-03-23,9,6.6,12.8
184,제주,2022-03-24,11.2,5.3,15.4
184,제주,2022-03-25,16.4,9.3,21.1
184,제주,2022-03-26,12.1,9,21.4
184,제주,2022-03-27,12.7,8.5,18.5
184,제주,2022-03-28,10.8,7.3,14.5
184,제주,2022-03-29,13.1,8.7,16.9
184,제주,2022-03-30,15.4,11.5,19.8
184,제주,2022-03-31,11.5,9.5,14.4
184,제주,2022-04-01,11.9,9.3,14.6
184,제주,2022-04-02,10.8,7.9,14.7
184,제주,2022-04-03,10.4,5.6,14.8
184,제주,2022-04-04,11.9,6.8,16.7
184,제주,2022-04-05,13,7.9,17.8
184,제주,2022-04-06,13.7,9.8,17.7
184,제주,2022-04-07,13.1,10.1,19.4
184,제주,2022-04-08,15.1,9.7,19.9
184,제주,2022-04-09,17.2,12.5,21.7
184,제주,2022-04-10,17.4,12.4,21.1
184,제주,2022-04-11,19.8,16.5,25.3
184,제주,2022-04-12,18.8,15.5,23.3
184,제주,2022-04-13,17.9,14.5,22.9
184,제주,2022-04-14,14.1,12.8,14.6
184,제주,2022-04-15,14,11.6,17.6
184,제주,2022-04-16,13.6,10.6,17.3
184,제주,2022-04-17,14.3,9.6,18.9
184,제주,2022-04-18,15.1,12.1,18.2
184,제주,2022-04-19,15.6,12.3,19.5
184,제주,2022-04-20,15.7,11.3,19.9
184,제주,2022-04-21,14.7,12.8,18.1
184,제주,2022-04-22,17.2,11.8,22.9
184,제주,2022-04-23,18,16.2,21.5
184,제주,2022-04-24,17.7,15.4,21.5
184,제주,2022-04-25,21.2,14.6,26.7
184,제주,2022-04-26,19.3,14.5,24.3
184,제주,2022-04-27,17.1,14,22.3
184,제주,2022-04-28,17.5,14.5,20.3
184,제주,2022-04-29,13.6,11.7,17.6
184,제주,2022-04-30,15.1,13.3,17.8
184,제주,2022-05-01,14.8,12.2,18.3
184,제주,2022-05-02,16.7,13.2,20.3
184,제주,2022-05-03,14.8,9.5,18.8
184,제주,2022-05-04,16.6,11.3,20.7
184,제주,2022-05-05,20.7,13.2,27.5
184,제주,2022-05-06,20.5,16.5,24.6
184,제주,2022-05-07,19.3,15.9,23.6
184,제주,2022-05-08,18.5,14.7,22.4
184,제주,2022-05-09,17.6,15.7,19.8
184,제주,2022-05-10,17.8,15.3,19.9
184,제주,2022-05-11,18.7,17.6,20.8
184,제주,2022-05-12,19.1,17.3,22.2
184,제주,2022-05-13,16.9,14.8,18.8
184,제주,2022-05-14,16.6,13.2,21.3
184,제주,2022-05-15,16.3,14.4,19.7
184,제주,2022-05-16,18,13.4,22
184,제주,2022-05-17,21,14.7,26.5
184,제주,2022-05-18,21.6,16.7,25.8
184,제주,2022-05-19,20.6,17.7,23.7
184,제주,2022-05-20,20.9,18.3,23.3
184,제주,2022-05-21,20.4,16.3,24.9
184,제주,2022-05-22,21.4,15.1,26.2
184,제주,2022-05-23,22.4,19.8,26.6
184,제주,2022-05-24,21.5,18,25.1
184,제주,2022-05-25,21.2,18.2,24.7
184,제주,2022-05-26,19.5,17.3,22.7
184,제주,2022-05-27,23.2,16.5,29
184,제주,2022-05-28,21.9,19.3,24.8
184,제주,2022-05-29,21.1,18,24
184,제주,2022-05-30,20.3,18.8,23.3
184,제주,2022-05-31,20.9,17.6,24.7
184,제주,2022-06-01,21,18.2,24.9
184,제주,2022-06-02,21.7,17.8,25.5
184,제주,2022-06-03,21.2,18.6,23.5
184,제주,2022-06-04,23.5,19.8,26.6
184,제주,2022-06-05,19.1,17.3,23
184,제주,2022-06-06,20.3,17.9,24.1
184,제주,2022-06-07,20.7,17.9,25.6
184,제주,2022-06-08,21.4,18.9,25.3
184,제주,2022-06-09,21.4,18.6,25.5
184,제주,2022-06-10,23,18.2,27.4
184,제주,2022-06-11,21.6,20,24.1
184,제주,2022-06-12,22,19.5,25.9
184,제주,2022-06-13,20.6,19.4,22.2
184,제주,2022-06-14,19,18.7,19.6
184,제주,2022-06-15,23,17.9,29
184,제주,2022-06-16,22.3,19.4,25.7
184,제주,2022-06-17,22.5,20.2,26
184,제주,2022-06-18,23.9,21.7,26.9
184,제주,2022-06-19,25.1,21.5,30.5
184,제주,2022-06-20,23.7,21.3,27.4
184,제주,2022-06-21,24,21.5,27.3
184,제주,2022-06-22,23.7,20.7,26.8
184,제주,2022-06-23,28.7,23,33.4
184,제주,2022-06-24,26.1,23.8,29.5
184,제주,2022-06-25,27.4,23.8,32.3
184,제주,2022-06-26,30,25.3,34.4
184,제주,2022-06-27,30.5,27.8,33.1
184,제주,2022-06-28,30.5,28.9,33.3
184,제주,2022-06-29,30.2,27.8,33.9
184,제주,2022-06-30,28.7,26.4,32.1
184,제주,2022-07-01,28.3,25.5,32.4
184,제주,2022-07-02,27.6,24.5,30.7
184,제주,2022-07-03,28.6,25.6,33.1
184,제주,2022-07-04,28,26.1,31.2
184,제주,2022-07-05,28.2,25.6,30.9
184,제주,2022-07-06,30.3,26.9,33.9
184,제주,2022-07-07,31.8,28.6,35.9
184,제주,2022-07-08,29.5,27.5,32.8
184,제주,2022-07-09,28.7,26.2,32.1
184,제주,2022-07-10,28.6,25.6,32.5
184,제주,2022-07-11,27.9,24.9,31.6
184,제주,2022-07-12,29.3,26.6,32.6
184,제주,2022-07-13,29.4,27,33.1
184,제주,2022-07-14,28.8,26.6,33.2
184,제주,2022-07-15,26.8,25.2,29.5
184,제주,2022-07-16,27.2,23.2,31.1
184,제주,2022-07-17,28,26.3,31.3
184,제주,2022-07-18,29.1,26.8,32.6
184,제주,2022-07-19,27.8,25.2,30.8
184,제주,2022-07-20,27.4,24.6,30.1
184,제주,2022-07-21,27.7,25,31.7
184,제주,2022-07-22,27.2,24.6,30.5
184,제주,2022-07-23,28.3,25.5,31.1
184,제주,2022-07-24,27.4,25,29.8
184,제주,2022-07-25,26.9,24.1,30
184,제주,2022-07-26,27.6,23.3,32.7
184,제주,2022-07-27,28.9,25.3,33.4
184,제주,2022-07-28,30.3,26.5,36
184,제주,2022-07-29,28.9,26.8,32.1
184,제주,2022-07-30,27.2,26.3,28.1
184,제주,2022-07-31,28,26.3,30.4
184,제주,2022-08-01,29.3,27,30.8
184,제주,2022-08-02,29.7,27.4,33.5
184,제주,2022-08-03,29.8,27.5,32.9
184,제주,2022-08-04,30.6,27.1,33.7
184,제주,2022-08-05,31.3,27.8,35.7
184,제주,2022-08-06,30.9,28,33.8
184,제주,2022-08-07,31.4,28.8,34.6
184,제주,2022-08-08,31.7,28.5,36.5
184,제주,2022-08-09,31.1,27.2,36
184,제주,2022-08-10,31.5,28.3,37.5
184,제주,2022-08-11,31.6,28.3,35.8
184,제주,2022-08-12,30.2,27,33.8
184,제주,2022-08-13,31.1,27.7,34.5
184,제주,2022-08-14,31.1,28.1,35.9
184,제주,2022-08-15,32.2,28.2,36.7
184,제주,2022-08-16,31,27.5,34.1
184,제주,2022-08-17,26.8,25.2,28.4
184,제주,2022-08-18,27.5,24.1,30.6
184,제주,2022-08-19,30.9,26.7,35.4
184,제주,2022-08-20,29.3,27.4,32.6
184,제주,2022-08-21,27.9,26,30.8
184,제주,2022-08-22,28.3,24.9,31.4
184,제주,2022-08-23,29.8,25.8,33.4
184,제주,2022-08-24,27.1,23.6,31
184,제주,2022-08-25,26.8,22.8,30.7
184,제주,2022-08-26,26.3,24.9,29.2
184,제주,2022-08-27,26.1,22.7,30.4
184,제주,2022-08-28,24.4,21.2,28.4
184,제주,2022-08-29,25.9,22.7,28
184,제주,2022-08-30,28.2,24.3,32.7
184,제주,2022-08-31,25.9,24.4,29.1
184,제주,2022-09-01,24.8,24,25.9
184,제주,2022-09-02,23.2,21.9,25
184,제주,2022-09-03,25.9,23.6,29.3
184,제주,2022-09-04,26.4,24,30.2
184,제주,2022-09-05,26.5,25.7,27.4
184,제주,2022-09-06,23.4,21,26.6
184,제주,2022-09-07,24.2,18.7,28.9
184,제주,2022-09-08,24.3,20.5,27.6
184,제주,2022-09-09,24.4,22.1,27.6
184,제주,2022-09-10,23.9,22.2,27.4
184,제주,2022-09-11,24.7,23,27.6
184,제주,2022-09-12,24.5,23.9,24.9
184,제주,2022-09-13,24.4,23.8,25
184,제주,2022-09-14,24.8,24.4,25.2
184,제주,2022-09-15,25.3,24.7,26.9
184,제주,2022-09-16,28.7,25.4,32.8
184,제주,2022-09-17,26.4,24.9,28.6
184,제주,2022-09-18,27.1,25.2,30.5
184,제주,2022-09-19,25.1,22,27.9
184,제주,2022-09-20,22.9,21.4,25.3
184,제주,2022-09-21,22,20.1,24.8
184,제주,2022-09-22,22.2,20.1,25.2
184,제주,2022-09-23,22.4,19.4,26.8
184,제주,2022-09-24,21.4,19,24.4
184,제주,2022-09-25,22.4,20.2,25.4
184,제주,2022-09-26,22.7,20.6,26.4
184,제주,2022-09-27,22.7,19.5,25.8
184,제주,2022-09-28,23.2,21.1,26.1
184,제주,2022-09-29,22.4,18.3,26.7
184,제주,2022-09-30,21.7,17.2,26.2
184,제주,2022-10-01,22.8,17.7,26.8
184,제주,2022-10-02,24.9,18.9,30.6
184,제주,2022-10-03,26.1,22.6,29.5
184,제주,2022-10-04,21.3,18.2,27.8
184,제주,2022-10-05,19.4,17.5,22.6
184,제주,2022-10-06,18.7,16.7,21.6
184,제주,2022-10-07,17.8,15.6,21.1
184,제주,2022-10-08,18,15.5,20.6
184,제주,2022-10-09,18.6,16.4,20.5
184,제주,2022-10-10,16.2,14.4,18.3
184,제주,2022-10-11,17.1,15.6,20.1
184,제주,2022-10-12,18.2,12.9,20.6
184,제주,2022-10-13,19.4,17.7,21.9
184,제주,2022-10-14,19.5,17.7,22.1
184,제주,2022-10-15,20.4,17.9,23
184,제주,2022-10-16,20.4,18.3,23.1
184,제주,2022-10-17,16.9,14,20.4
184,제주,2022-10-18,14.7,13.1,17.8
184,제주,2022-10-19,15.1,12.4,18.8
184,제주,2022-10-20,15.9,11.5,20.2
184,제주,2022-10-21,18.5,13.4,22.3
184,제주,2022-10-22,20,17.5,24.3
184,제주,2022-10-23,17.5,15.2,20.6
184,제주,2022-10-24,15.4,13.1,17.8
184,제주,2022-10-25,14.8,11.9,18.4
184,제주,2022-10-26,17.6,13.8,20.6
184,제주,2022-10-27,16.9,13.4,21.1
184,제주,2022-10-28,16.5,12.5,20.8
184,제주,2022-10-29,18,14.6,20.7
184,제주,2022-10-30,17.6,15.7,20
184,제주,2022-10-31,17.2,15.8,19.7
184,제주,2022-11-01,17.5,14.5,21.5
184,제주,2022-11-02,16.2,12.7,19.9
184,제주,2022-11-03,15.9,11.3,20.5
184,제주,2022-11-04,12.4,10.6,14.9
184,제주,2022-11-05,12.7,10.8,16.2
184,제주,2022-11-06,12.6,8.5,17
184,제주,2022-11-07,13.7,9.5,18.3
184,제주,2022-11-08,15,10.5,20.8
184,제주,2022-11-09,16.5,12.1,21.4
184,제주,2022-11-10,18.7,14.8,23.5
184,제주,2022-11-11,20.4,18.1,24
184,제주,2022-11-12,20.2,17.1,24
184,제주,2022-11-13,14.9,12.9,21.2
184,제주,2022-11-14,13.7,12.3,16.4
184,제주,2022-11-15,13.1,10.2,16.7
184,제주,2022-11-16,13.5,9.7,18.7
184,제주,2022-11-17,14.2,11.4,18.2
184,제주,2022-11-18,16,13.9,18.9
184,제주,2022-11-19,17.1,14.9,19.9
184,제주,2022-11-20,15.7,14.4,17
184,제주,2022-11-21,16.2,13.9,20
184,제주,2022-11-22,15.7,13.9,18.2
184,제주,2022-11-23,14.2,10.9,16.2
184,제주,2022-11-24,12.8,9.5,18.1
184,제주,2022-11-25,15.1,9.2,21.6
184,제주,2022-11-26,14.6,10.6,18.6
184,제주,2022-11-27,14.3,8.8,19.8
184,제주,2022-11-28,21.9,15.4,27.4
184,제주,2022-11-29,14.1,8.7,21
184,제주,2022-11-30,5.7,4.1,8.8
184,제주,2022-12-01,5.5,4,7
184,제주,2022-12-02,7.1,5.4,10.1
184,제주,2022-12-03,10.4,5.9,12.3
184,제주,2022-12-04,8.1,6.5,10.9
184,제주,2022-12-05,5.8,4.6,7.8
184,제주,2022-12-06,8.6,3.7,12.3
184,제주,2022-12-07,10.2,6.4,14.1
184,제주,2022-12-08,9,5.2,12.5
184,제주,2022-12-09,11.2,8.1,14.6
184,제주,2022-12-10,11.1,8.7,14.5
184,제주,2022-12-11,9.1,5.7,10.7
184,제주,2022-12-12,8.4,5.3,10.5
184,제주,2022-12-13,9.6,7.4,12
184,제주,2022-12-14,4.2,2.5,7.4
184,제주,2022-12-15,7,2.4,11
184,제주,2022-12-16,5.7,4.5,9.2
184,제주,2022-12-17,3.4,.3,5.7
184,제주,2022-12-18,2.5,-.3,4
184,제주,2022-12-19,6.3,2.5,8.5
184,제주,2022-12-20,8.3,4.1,12.1
184,제주,2022-12-21,9.3,7.7,10.9
184,제주,2022-12-22,3.4,.4,7.7
184,제주,2022-12-23,1.7,-.4,2.8
184,제주,2022-12-24,3.5,1.8,4.1
184,제주,2022-12-25,5.7,3.9,7.8
184,제주,2022-12-26,6.8,5,8.2
184,제주,2022-12-27,6.5,5.6,8.1
184,제주,2022-12-28,6.8,5.3,8.9
184,제주,2022-12-29,6,4.9,7.7
184,제주,2022-12-30,7,5.9,8.6
184,제주,2022-12-31,7,5.4,9.8
185,고산,2022-01-01,4.8,1.2,7.2
185,고산,2022-01-02,7.7,4.9,11.9
185,고산,2022-01-03,6.3,4,8.3
185,고산,2022-01-04,7.4,5.5,10
185,고산,2022-01-05,5.1,2.8,6.3
185,고산,2022-01-06,6.7,4.7,8.4
185,고산,2022-01-07,6.2,3.8,7.7
185,고산,2022-01-08,6.7,5.8,8.6
185,고산,2022-01-09,8,4.9,10.4
185,고산,2022-01-10,7.2,5.4,9.8
185,고산,2022-01-11,3.5,1.5,7.5
185,고산,2022-01-12,3.8,2,5.7
185,고산,2022-01-13,4.2,2.9,7.3
185,고산,2022-01-14,4.3,3.2,5.2
185,고산,2022-01-15,6.9,4.4,9.2
185,고산,2022-01-16,6.8,3.9,9.7
185,고산,2022-01-17,5.3,3.7,7.2
185,고산,2022-01-18,3.5,2.1,5.5
185,고산,2022-01-19,5.2,2.4,8.2
185,고산,2022-01-20,2.6,1.4,5.9
185,고산,2022-01-21,6.2,1.5,9.8
185,고산,2022-01-22,9.8,6.4,14.4
185,고산,2022-01-23,9.9,8,11.2
185,고산,2022-01-24,10.4,8.1,14.8
185,고산,2022-01-25,8.6,7.8,9.7
185,고산,2022-01-26,7,6.2,8.2
185,고산,2022-01-27,5.7,5,7
185,고산,2022-01-28,4.8,4.1,6.2
185,고산,2022-01-29,4.2,3.6,4.8
185,고산,2022-01-30,4.2,3.7,5.4
185,고산,2022-01-31,5.4,3.8,7.4
185,고산,2022-02-01,6,4,8.2
185,고산,2022-02-02,4.5,3.5,5.7
185,고산,2022-02-03,4.2,3.1,5.7
185,고산,2022-02-04,4.2,2.2,7.2
185,고산,2022-02-05,2.9,1,4
185,고산,2022-02-06,4.3,2.6,6.7
185,고산,2022-02-07,3.6,1.6,5.5
185,고산,2022-02-08,4.6,2.1,5.8
185,고산,2022-02-09,6.1,2.6,9.7
185,고산,2022-02-10,5.9,3.4,7.3
185,고산,2022-02-11,7.5,4.1,9.9
185,고산,2022-02-12,9.6,7.1,12.6
185,고산,2022-02-13,9.6,8.5,10.9
185,고산,2022-02-14,9,6.7,13.5
185,고산,2022-02-15,3.4,1.6,7
185,고산,2022-02-16,1.9,.7,4.1
185,고산,2022-02-17,.6,-.3,1.5
185,고산,2022-02-18,5.8,-.7,10.7
185,고산,2022-02-19,4.7,2.4,7.3
185,고산,2022-02-20,1.7,-.5,2.9
185,고산,2022-02-21,5,2.2,8.2
185,고산,2022-02-22,4.1,3.2,6.1
185,고산,2022-02-23,1.6,.6,3.8
185,고산,2022-02-24,3.4,.5,5.5
185,고산,2022-02-25,6.5,4.3,10.6
185,고산,2022-02-26,9.4,5,12.3
185,고산,2022-02-27,6.4,4.6,9.8
185,고산,2022-02-28,10.3,4.4,13.5
185,고산,2022-03-01,9.8,5.8,14.5
185,고산,2022-03-02,6.4,4.2,9.4
185,고산,2022-03-03,10,4.5,13.1
185,고산,2022-03-04,11.3,7.9,15.6
185,고산,2022-03-05,7.5,5.2,11.6
185,고산,2022-03-06,4.9,3.8,7.2
185,고산,2022-03-07,6.4,4,8.9
185,고산,2022-03-08,9.7,6.3,14.5
185,고산,2022-03-09,9.8,8.3,13.6
185,고산,2022-03-10,12.7,7.3,17.5
185,고산,2022-03-11,15.7,13.9,18.3
185,고산,2022-03-12,16.6,12.9,19.6
185,고산,2022-03-13,14.6,12.5,16.1
185,고산,2022-03-14,12.7,8.8,16.3
185,고산,2022-03-15,9.2,6.3,13.8
185,고산,2022-03-16,13.5,9.6,17.6
185,고산,2022-03-17,13.4,10.9,18.8
185,고산,2022-03-18,10,8.5,11.7
185,고산,2022-03-19,7.2,5.4,8.9
185,고산,2022-03-20,7.2,6.7,8.3
185,고산,2022-03-21,8.5,5.9,11.4
185,고산,2022-03-22,8.2,6.7,9.8
185,고산,2022-03-23,8.8,7.6,13
185,고산,2022-03-24,11.7,7.2,16.4
185,고산,2022-03-25,16.1,12.6,18.4
185,고산,2022-03-26,11,9.1,17.3
185,고산,2022-03-27,11.4,7.9,17.4
185,고산,2022-03-28,10.1,7.1,13.3
185,고산,2022-03-29,12.8,8.3,17.9
185,고산,2022-03-30,16.6,12.2,21
185,고산,2022-03-31,9.9,8.5,13
185,고산,2022-04-01,10.8,8.4,14.1
185,고산,2022-04-02,9.5,7.9,11.6
185,고산,2022-04-03,9.2,5.9,11.6
185,고산,2022-04-04,11.5,8.4,15.4
185,고산,2022-04-05,12.3,9.2,15.3
185,고산,2022-04-06,12.9,10.7,18.3
185,고산,2022-04-07,11.9,10.3,16
185,고산,2022-04-08,14.9,9.6,19.8
185,고산,2022-04-09,15.8,11.8,19.8
185,고산,2022-04-10,18.5,12.5,22.4
185,고산,2022-04-11,19.9,18.3,22.6
185,고산,2022-04-12,18.3,16.8,20.8
185,고산,2022-04-13,18.2,14.4,24.4
185,고산,2022-04-14,15.3,13.3,19.1
185,고산,2022-04-15,13,11.3,15.3
185,고산,2022-04-16,12.3,10.4,15.4
185,고산,2022-04-17,12.9,10.2,16.2
185,고산,2022-04-18,14.1,12.1,16.8
185,고산,2022-04-19,14.3,13,16.5
185,고산,2022-04-20,15.3,11.9,18.8
185,고산,2022-04-21,14,11.5,18.4
185,고산,2022-04-22,15.9,11.5,19.1
185,고산,2022-04-23,17.6,16,21.3
185,고산,2022-04-24,17.5,14.7,20.6
185,고산,2022-04-25,19.8,15.4,24.4
185,고산,2022-04-26,16.5,13.8,19
185,고산,2022-04-27,15.5,12.3,20.7
185,고산,2022-04-28,17.9,13,22.2
185,고산,2022-04-29,12.9,10.9,17.3
185,고산,2022-04-30,14.9,12.5,18.9
185,고산,2022-05-01,13.4,11.7,16.1
185,고산,2022-05-02,15.9,12,20.4
185,고산,2022-05-03,14.8,10.2,18.4
185,고산,2022-05-04,15.3,11.2,19.1
185,고산,2022-05-05,19.3,13.2,24.3
185,고산,2022-05-06,20.1,16.5,25.8
185,고산,2022-05-07,18.4,15.4,23
185,고산,2022-05-08,17.9,14.1,23.3
185,고산,2022-05-09,17.5,15.6,22.2
185,고산,2022-05-10,17.7,13.3,22.2
185,고산,2022-05-11,19.1,17,21.9
185,고산,2022-05-12,18.8,16.7,23.2
185,고산,2022-05-13,16.8,13.9,19.4
185,고산,2022-05-14,15.6,14.5,18
185,고산,2022-05-15,15,14,17.5
185,고산,2022-05-16,16.8,13.3,22
185,고산,2022-05-17,17.8,15.1,21.5
185,고산,2022-05-18,18.7,15,21.7
185,고산,2022-05-19,19.3,16.4,23
185,고산,2022-05-20,20.2,17.6,25.2
185,고산,2022-05-21,17.7,14.9,20.3
185,고산,2022-05-22,18.2,14.4,23.1
185,고산,2022-05-23,20.2,17.2,24.8
185,고산,2022-05-24,19.8,17.8,22.8
185,고산,2022-05-25,19.9,17.6,23.7
185,고산,2022-05-26,17.6,15.9,19.8
185,고산,2022-05-27,19.6,15.3,23.5
185,고산,2022-05-28,19.5,17.2,22.1
185,고산,2022-05-29,19.9,17.8,22.1
185,고산,2022-05-30,19.6,17.9,23.5
185,고산,2022-05-31,19.5,17,24.3
185,고산,2022-06-01,19.7,16.8,23
185,고산,2022-06-02,19.9,17.6,23.5
185,고산,2022-06-03,21,17.6,24.2
185,고산,2022-06-04,22.3,18.3,27.5
185,고산,2022-06-05,19.5,17.2,23
185,고산,2022-06-06,19.4,17.6,22.1
185,고산,2022-06-07,20.3,17.8,23.9
185,고산,2022-06-08,20,17.2,25.2
185,고산,2022-06-09,20.5,16.3,25.7
185,고산,2022-06-10,21.5,17.9,24.7
185,고산,2022-06-11,20.4,17.5,24.1
185,고산,2022-06-12,20.9,17.3,25.5
185,고산,2022-06-13,20,18.9,22.3
185,고산,2022-06-14,20.8,19.1,24
185,고산,2022-06-15,21.1,19.1,23.5
185,고산,2022-06-16,21,18.9,25.1
185,고산,2022-06-17,22.4,19.9,25.1
185,고산,2022-06-18,22.8,20.9,25.4
185,고산,2022-06-19,23.4,21.3,28.3
185,고산,2022-06-20,22.5,20.9,24.9
185,고산,2022-06-21,21.8,19.9,24.6
185,고산,2022-06-22,23.7,19.8,28
185,고산,2022-06-23,23.8,23,25.5
185,고산,2022-06-24,23.3,22.4,24.4
185,고산,2022-06-25,24.1,22.2,26.1
185,고산,2022-06-26,24.6,23.3,26.2
185,고산,2022-06-27,24.8,24,26.2
185,고산,2022-06-28,25.3,24.2,26.5
185,고산,2022-06-29,25.7,24.7,27.4
185,고산,2022-06-30,26.3,25,28.4
185,고산,2022-07-01,26.7,24.5,29.1
185,고산,2022-07-02,26.4,22.7,30.8
185,고산,2022-07-03,27.6,25.1,32
185,고산,2022-07-04,26.8,24.9,31.3
185,고산,2022-07-05,27.1,24.9,29.3
185,고산,2022-07-06,28.1,26.1,30.4
185,고산,2022-07-07,27.8,26.6,29.9
185,고산,2022-07-08,27.6,26,32.4
185,고산,2022-07-09,26.6,25.2,28.7
185,고산,2022-07-10,27.2,24.6,30.1
185,고산,2022-07-11,25.9,23.1,28.6
185,고산,2022-07-12,27.6,24.7,30.9
185,고산,2022-07-13,27.6,26,29.6
185,고산,2022-07-14,27.5,25.6,31.7
185,고산,2022-07-15,25.2,23.6,26.8
185,고산,2022-07-16,25.8,23.5,28.9
185,고산,2022-07-17,27,25.4,29.4
185,고산,2022-07-18,27.2,25.3,28.4
185,고산,2022-07-19,26.1,24.1,28.9
185,고산,2022-07-20,26.6,24.2,29
185,고산,2022-07-21,26.4,24.5,29.3
185,고산,2022-07-22,26.1,23.7,30.1
185,고산,2022-07-23,27,23.6,29.6
185,고산,2022-07-24,26.4,23.7,30.5
185,고산,2022-07-25,25.4,23.3,28
185,고산,2022-07-26,26.2,22.3,30.5
185,고산,2022-07-27,27.6,24.8,31
185,고산,2022-07-28,28.7,25.3,32.4
185,고산,2022-07-29,29.5,26.6,34.3
185,고산,2022-07-30,27.2,25.3,29.9
185,고산,2022-07-31,27.2,25.6,29.4
185,고산,2022-08-01,27.6,25.9,31
185,고산,2022-08-02,27.5,25.7,29.5
185,고산,2022-08-03,28.3,26.1,30.5
185,고산,2022-08-04,29,27,31.2
185,고산,2022-08-05,29,28.1,30.7
185,고산,2022-08-06,29.2,28.1,31.2
185,고산,2022-08-07,29.4,28.3,31.5
185,고산,2022-08-08,29.4,28.4,31.1
185,고산,2022-08-09,29.2,28.1,31.1
185,고산,2022-08-10,29.3,28.3,31.8
185,고산,2022-08-11,29,28.2,30.7
185,고산,2022-08-12,28.6,27,31.3
185,고산,2022-08-13,29.2,27.3,31
185,고산,2022-08-14,29.2,28.1,31.4
185,고산,2022-08-15,29.2,28.3,31.1
185,고산,2022-08-16,28.6,27.2,29.7
185,고산,2022-08-17,26.1,24.7,28.2
185,고산,2022-08-18,26.7,24.3,29.6
185,고산,2022-08-19,28.9,27.3,30.8
185,고산,2022-08-20,27.9,26.3,29.9
185,고산,2022-08-21,26.7,25.6,28.9
185,고산,2022-08-22,27.7,24.8,30.6
185,고산,2022-08-23,28.9,25.7,31.4
185,고산,2022-08-24,25.6,23.4,28
185,고산,2022-08-25,26,22.9,29.7
185,고산,2022-08-26,25.1,24.1,28.2
185,고산,2022-08-27,24.7,22.6,28
185,고산,2022-08-28,24.3,20.8,28.3
185,고산,2022-08-29,25.3,20.1,30.1
185,고산,2022-08-30,28.2,24.9,32.1
185,고산,2022-08-31,24.7,23.7,27.5
185,고산,2022-09-01,24.4,23.2,26.2
185,고산,2022-09-02,23.2,21.7,24.9
185,고산,2022-09-03,26.5,23.6,29.5
185,고산,2022-09-04,25.6,22.3,29.4
185,고산,2022-09-05,26.1,23.5,27.5
185,고산,2022-09-06,22.5,20.9,25.3
185,고산,2022-09-07,23.3,20.7,25.7
185,고산,2022-09-08,23.6,20.9,26.5
185,고산,2022-09-09,23.6,20.8,27.4
185,고산,2022-09-10,24.7,20.6,30.4
185,고산,2022-09-11,25.6,23.1,29.3
185,고산,2022-09-12,24.5,22.4,26.6
185,고산,2022-09-13,24.3,23.4,25.3
185,고산,2022-09-14,26.9,23.8,31.1
185,고산,2022-09-15,27,25.8,29.4
185,고산,2022-09-16,27.5,26,30.2
185,고산,2022-09-17,26.5,24.4,30.4
185,고산,2022-09-18,24.9,23.8,26.9
185,고산,2022-09-19,23.1,21.1,24.7
185,고산,2022-09-20,22.4,20.6,26.8
185,고산,2022-09-21,21.3,17.6,25.6
185,고산,2022-09-22,21.7,17.6,25.5
185,고산,2022-09-23,21.4,19.1,24.7
185,고산,2022-09-24,20.3,18.9,21.7
185,고산,2022-09-25,22.4,18.3,27.1
185,고산,2022-09-26,22.2,19.8,25.1
185,고산,2022-09-27,21.8,19.3,24
185,고산,2022-09-28,23,20,25.8
185,고산,2022-09-29,22,19.9,25.3
185,고산,2022-09-30,22.2,18.8,25.5
185,고산,2022-10-01,22.5,19.5,26.3
185,고산,2022-10-02,24,19.7,27.6
185,고산,2022-10-03,25.3,23.5,27.7
185,고산,2022-10-04,20.6,17.9,24.7
185,고산,2022-10-05,17.9,16.8,19
185,고산,2022-10-06,18,16.3,20.2
185,고산,2022-10-07,17.1,15.6,18.6
185,고산,2022-10-08,18.5,15.5,20.8
185,고산,2022-10-09,17.8,15.8,20.3
185,고산,2022-10-10,16.3,15,18.8
185,고산,2022-10-11,16.2,15.2,17.6
185,고산,2022-10-12,17.4,13.9,19.5
185,고산,2022-10-13,18.9,16.2,21.8
185,고산,2022-10-14,18.6,15.7,22.2
185,고산,2022-10-15,19.8,15.3,23.2
185,고산,2022-10-16,20,18.5,23.5
185,고산,2022-10-17,16.1,14,19
185,고산,2022-10-18,14.2,13.4,15.2
185,고산,2022-10-19,14.6,13.4,15.9
185,고산,2022-10-20,16.1,12.6,19.6
185,고산,2022-10-21,19.8,14.8,24.5
185,고산,2022-10-22,19.8,17.7,23.6
185,고산,2022-10-23,16.7,15.1,18.1
185,고산,2022-10-24,14.8,13,16.6
185,고산,2022-10-25,14.1,10.7,17.3
185,고산,2022-10-26,17.9,14.1,24
185,고산,2022-10-27,16.7,15,19
185,고산,2022-10-28,16.4,14.8,18.6
185,고산,2022-10-29,18.1,12.7,23.2
185,고산,2022-10-30,17.7,13.3,21.6
185,고산,2022-10-31,17.5,14.6,20.7
185,고산,2022-11-01,16.9,14.4,19.1
185,고산,2022-11-02,16.2,13.8,18.9
185,고산,2022-11-03,16.1,13.6,17.8
185,고산,2022-11-04,12,10.9,15.1
185,고산,2022-11-05,12.5,11.1,14
185,고산,2022-11-06,12.6,9.2,15.5
185,고산,2022-11-07,14.4,11.4,17.6
185,고산,2022-11-08,15.7,12.9,19.6
185,고산,2022-11-09,18,15.2,22.3
185,고산,2022-11-10,18.9,14.1,24.2
185,고산,2022-11-11,20.3,17.7,24.3
185,고산,2022-11-12,21.3,19.3,24.2
185,고산,2022-11-13,14.5,12.6,20.8
185,고산,2022-11-14,13.4,12.5,15.8
185,고산,2022-11-15,12.8,10.9,15.6
185,고산,2022-11-16,14.6,10.3,19.6
185,고산,2022-11-17,14.7,12.1,18.2
185,고산,2022-11-18,17.1,14.7,23
185,고산,2022-11-19,18,14.7,22.8
185,고산,2022-11-20,15.4,13.8,17.7
185,고산,2022-11-21,16.8,12.8,20.4
185,고산,2022-11-22,16.2,13.9,18.3
185,고산,2022-11-23,14.6,12.7,15.4
185,고산,2022-11-24,13.9,11.9,15.7
185,고산,2022-11-25,16.6,11.1,20.8
185,고산,2022-11-26,15,12.1,17.4
185,고산,2022-11-27,15.7,9.9,19.1
185,고산,2022-11-28,20.6,17.6,23.9
185,고산,2022-11-29,13.4,8.2,20.1
185,고산,2022-11-30,5.8,4,8.7
185,고산,2022-12-01,5.3,4,6.5
185,고산,2022-12-02,7.1,4.6,10
185,고산,2022-12-03,11.1,8.1,15.2
185,고산,2022-12-04,7.7,6.3,10.6
185,고산,2022-12-05,5.8,4.6,6.8
185,고산,2022-12-06,9,4.7,12.7
185,고산,2022-12-07,10.5,6.3,13.1
185,고산,2022-12-08,10.4,7.2,14.6
185,고산,2022-12-09,12,10,14.9
185,고산,2022-12-10,11.4,9.9,14.2
185,고산,2022-12-11,8.8,6.8,10.8
185,고산,2022-12-12,8.9,4.9,11.3
185,고산,2022-12-13,9.5,7.2,12.4
185,고산,2022-12-14,4.8,3.1,7.3
185,고산,2022-12-15,7,4.5,10.8
185,고산,2022-12-16,6,4.3,10.6
185,고산,2022-12-17,3.6,.4,5.6
185,고산,2022-12-18,2.7,-.4,4.5
185,고산,2022-12-19,6.8,2.6,10.1
185,고산,2022-12-20,10,5.4,13.6
185,고산,2022-12-21,9.9,7.7,13.9
185,고산,2022-12-22,3.1,.5,7.9
185,고산,2022-12-23,2,-.3,3.5
185,고산,2022-12-24,4.3,1.7,5.6
185,고산,2022-12-25,6.5,4.9,8.3
185,고산,2022-12-26,7.2,5.7,8
185,고산,2022-12-27,7,6.2,7.6
185,고산,2022-12-28,6.9,5.9,8.2
185,고산,2022-12-29,6.5,5.4,8.1
185,고산,2022-12-30,6.9,5.6,8.8
185,고산,2022-12-31,6.9,6,9
188,성산,2022-01-01,3.9,0,8.5
188,성산,2022-01-02,6.3,-.5,11.8
188,성산,2022-01-03,5.8,2.7,9.7
188,성산,2022-01-04,5.8,3.1,9.5
188,성산,2022-01-05,5.5,3.7,6.4
188,성산,2022-01-06,6,3.6,8.7
188,성산,2022-01-07,5.9,2.2,11.1
188,성산,2022-01-08,6,3.7,9.6
188,성산,2022-01-09,6.3,1.1,9.6
188,성산,2022-01-10,6.9,3.6,11.2
188,성산,2022-01-11,2.6,.6,6.5
188,성산,2022-01-12,2.8,.9,5.5
188,성산,2022-01-13,2.8,.4,5.1
188,성산,2022-01-14,3.6,2.3,5.9
188,성산,2022-01-15,6,3.5,10.9
188,성산,2022-01-16,6.3,2.9,10.3
188,성산,2022-01-17,4.7,2.6,7.1
188,성산,2022-01-18,2.9,.1,6.4
188,성산,2022-01-19,4.4,.9,9.3
188,성산,2022-01-20,2,.1,4.6
188,성산,2022-01-21,7,.1,10.5
188,성산,2022-01-22,10.7,9.2,13.2
188,성산,2022-01-23,10.3,9.4,11.8
188,성산,2022-01-24,10.4,9.3,11.9
188,성산,2022-01-25,8.8,7.5,10.7
188,성산,2022-01-26,6.7,5,8.9
188,성산,2022-01-27,5.4,3.9,7
188,성산,2022-01-28,4.4,3.5,6.8
188,성산,2022-01-29,3.8,3.1,5.7
188,성산,2022-01-30,3.9,2,6.4
188,성산,2022-01-31,3.9,-.6,7.8
188,성산,2022-02-01,5.2,.7,8.3
188,성산,2022-02-02,4.1,2.1,7.1
188,성산,2022-02-03,3.9,1.9,6.8
188,성산,2022-02-04,3.6,.4,7.9
188,성산,2022-02-05,1.2,-.2,3.2
188,성산,2022-02-06,3,.1,6.4
188,성산,2022-02-07,3.3,-.8,5.3
188,성산,2022-02-08,4.4,1.4,7.6
188,성산,2022-02-09,5.9,1,10.2
188,성산,2022-02-10,5.4,3.6,8.5
188,성산,2022-02-11,6.7,2.3,10.9
188,성산,2022-02-12,9.7,6.1,12.2
188,성산,2022-02-13,10.3,8.1,11.7
188,성산,2022-02-14,9.2,5.5,12.3
188,성산,2022-02-15,3.4,.9,7.1
188,성산,2022-02-16,1.2,-.1,4
188,성산,2022-02-17,.1,-1.2,2
188,성산,2022-02-18,6.7,-.2,9.8
188,성산,2022-02-19,4.8,1.9,7
188,성산,2022-02-20,.8,-1.5,2.7
188,성산,2022-02-21,2.9,-2.6,7.5
188,성산,2022-02-22,3.2,-1,5.7
188,성산,2022-02-23,1.2,-.6,3.1
188,성산,2022-02-24,2.7,-1,6.5
188,성산,2022-02-25,4.9,-1.5,11.6
188,성산,2022-02-26,8,.3,13.8
188,성산,2022-02-27,7.2,3.1,12.8
188,성산,2022-02-28,9.1,.7,13.9
188,성산,2022-03-01,11.1,6.1,15.3
188,성산,2022-03-02,5.5,1.6,9.2
188,성산,2022-03-03,8.8,1.1,14.9
188,성산,2022-03-04,11.1,4.1,16.3
188,성산,2022-03-05,8.3,4.7,11.8
188,성산,2022-03-06,5.3,2.8,8.7
188,성산,2022-03-07,7.2,3.4,11.6
188,성산,2022-03-08,8.5,.3,16
188,성산,2022-03-09,10.8,3.5,17.7
188,성산,2022-03-10,12.2,4.6,18.2
188,성산,2022-03-11,16,11.8,20.6
188,성산,2022-03-12,16.8,9.5,22
188,성산,2022-03-13,16.1,14,17.5
188,성산,2022-03-14,14.3,11,17.7
188,성산,2022-03-15,11.7,6.7,19.1
188,성산,2022-03-16,13.4,6.6,18.9
188,성산,2022-03-17,13.1,11.1,16.3
188,성산,2022-03-18,10.6,8.9,11.9
188,성산,2022-03-19,7.2,5.3,9.6
188,성산,2022-03-20,7.7,5.2,10.3
188,성산,2022-03-21,8.9,5.3,12.3
188,성산,2022-03-22,8.8,6.1,11.8
188,성산,2022-03-23,8.7,5.1,12.8
188,성산,2022-03-24,10.8,5.5,15.2
188,성산,2022-03-25,16.3,9.8,17.9
188,성산,2022-03-26,12.6,9.2,17.6
188,성산,2022-03-27,12.6,7.5,18.7
188,성산,2022-03-28,10.7,6.4,13.7
188,성산,2022-03-29,12.3,8,16.3
188,성산,2022-03-30,16.4,10,19.8
188,성산,2022-03-31,11.8,8.7,15.9
188,성산,2022-04-01,11.1,8,14.2
188,성산,2022-04-02,9.9,6.7,14.8
188,성산,2022-04-03,10.4,5.9,15.8
188,성산,2022-04-04,11.8,6.3,17.7
188,성산,2022-04-05,11.7,3.9,17.5
188,성산,2022-04-06,12.7,6.2,18
188,성산,2022-04-07,14,7.3,19.1
188,성산,2022-04-08,14.4,7.5,20.1
188,성산,2022-04-09,16.8,11.3,22
188,성산,2022-04-10,18.2,12.9,23.4
188,성산,2022-04-11,19.5,17.3,21.9
188,성산,2022-04-12,18.9,16.3,22.7
188,성산,2022-04-13,17.9,14.3,22
188,성산,2022-04-14,14.1,12.9,14.6
188,성산,2022-04-15,13.3,10.5,16.5
188,성산,2022-04-16,12.8,9.5,16.6
188,성산,2022-04-17,15,10.3,20.5
188,성산,2022-04-18,16,12.7,20.4
188,성산,2022-04-19,17.1,10.5,22.7
188,성산,2022-04-20,15.5,7.9,20.8
188,성산,2022-04-21,13,10.5,15.6
188,성산,2022-04-22,17.2,10.1,22.2
188,성산,2022-04-23,17.2,15.5,19
188,성산,2022-04-24,17.6,14.8,21.8
188,성산,2022-04-25,18.8,13.6,22.5
188,성산,2022-04-26,18.6,15.5,21.1
188,성산,2022-04-27,17.6,14.3,22.5
188,성산,2022-04-28,17,13.5,19.8
188,성산,2022-04-29,13.5,10.9,17.4
188,성산,2022-04-30,14.8,12.5,17.9
188,성산,2022-05-01,14,11,17.7
188,성산,2022-05-02,16.3,10.4,22.4
188,성산,2022-05-03,14.4,8.7,18.8
188,성산,2022-05-04,16.2,12.1,20.8
188,성산,2022-05-05,17.2,10.1,22.2
188,성산,2022-05-06,19.3,15.1,23
188,성산,2022-05-07,19.8,15.6,25.2
188,성산,2022-05-08,17.6,14.3,19.7
188,성산,2022-05-09,17.2,15.1,19.5
188,성산,2022-05-10,17.7,15.9,19.8
188,성산,2022-05-11,18,17.4,18.8
188,성산,2022-05-12,18.5,16.9,20.5
188,성산,2022-05-13,17.3,15.3,19.5
188,성산,2022-05-14,16.5,14,21.6
188,성산,2022-05-15,15.5,13.5,19
188,성산,2022-05-16,17,12.7,22.5
188,성산,2022-05-17,17.7,9.6,23.6
188,성산,2022-05-18,18.5,11,24.3
188,성산,2022-05-19,18.4,13.5,22.4
188,성산,2022-05-20,19.7,15.4,24.1
188,성산,2022-05-21,20.6,14.2,26
188,성산,2022-05-22,21,14.6,25.7
188,성산,2022-05-23,20.4,15.3,25.8
188,성산,2022-05-24,21.9,16.5,27.8
188,성산,2022-05-25,21.1,16.6,27.8
188,성산,2022-05-26,19.6,14.8,25.6
188,성산,2022-05-27,20.7,11.1,29.9
188,성산,2022-05-28,20.7,14.1,28.6
188,성산,2022-05-29,19.7,16.3,23.2
188,성산,2022-05-30,20.2,18.4,22.6
188,성산,2022-05-31,20.9,15.6,27.2
188,성산,2022-06-01,19.3,13.5,24.1
188,성산,2022-06-02,19.8,14.6,25.2
188,성산,2022-06-03,20.2,15.2,23.8
188,성산,2022-06-04,21.4,19,24
188,성산,2022-06-05,18.8,16.7,20.9
188,성산,2022-06-06,20.2,16.5,24.1
188,성산,2022-06-07,19.9,16.6,22.4
188,성산,2022-06-08,20,18.1,22.6
188,성산,2022-06-09,20.4,18.3,23.1
188,성산,2022-06-10,20.5,17.3,22.9
188,성산,2022-06-11,20.1,17.6,23
188,성산,2022-06-12,21,18.8,23
188,성산,2022-06-13,20.1,19.6,21.2
188,성산,2022-06-14,19.1,18.8,19.7
188,성산,2022-06-15,22,18.6,26.1
188,성산,2022-06-16,21.7,19.1,24.8
188,성산,2022-06-17,22,20.5,25.2
188,성산,2022-06-18,23.1,20.1,27.4
188,성산,2022-06-19,23.7,21.4,26.3
188,성산,2022-06-20,23.1,21.4,24.9
188,성산,2022-06-21,23.9,21.5,27.3
188,성산,2022-06-22,23.7,20.7,26.7
188,성산,2022-06-23,24.2,22.8,25.8
188,성산,2022-06-24,24.2,22.2,27.8
188,성산,2022-06-25,24.6,21.9,28.8
188,성산,2022-06-26,24.5,23.4,26.6
188,성산,2022-06-27,24.4,22.9,27.5
188,성산,2022-06-28,24.6,23.6,26.2
188,성산,2022-06-29,25.2,23.6,26.9
188,성산,2022-06-30,25.8,23.9,28.5
188,성산,2022-07-01,25.9,24.1,29
188,성산,2022-07-02,26.2,22.7,29
188,성산,2022-07-03,26.1,24.1,30.1
188,성산,2022-07-04,26.5,25.3,28.8
188,성산,2022-07-05,27.1,24.8,30.1
188,성산,2022-07-06,27.7,26.2,29.9
188,성산,2022-07-07,27.7,25.8,30.1
188,성산,2022-07-08,27.4,25.2,31.3
188,성산,2022-07-09,27.1,23.5,30.9
188,성산,2022-07-10,27.2,22.6,30.7
188,성산,2022-07-11,25.9,23.8,28.7
188,성산,2022-07-12,27,24.2,30.3
188,성산,2022-07-13,27.6,26.2,30.3
188,성산,2022-07-14,28,24.7,31.9
188,성산,2022-07-15,25.9,24.4,27.9
188,성산,2022-07-16,26.6,23,30.3
188,성산,2022-07-17,26.4,23.7,30.2
188,성산,2022-07-18,27.5,24.8,28.9
188,성산,2022-07-19,26.8,23.3,30.6
188,성산,2022-07-20,26.2,22.3,29.4
188,성산,2022-07-21,27.3,23.4,33.1
188,성산,2022-07-22,26,22.6,30.2
188,성산,2022-07-23,26.5,22.2,30.2
188,성산,2022-07-24,26.8,23.7,30.4
188,성산,2022-07-25,25.8,22.6,29.5
188,성산,2022-07-26,25.8,21.1,29.3
188,성산,2022-07-27,26.6,23.6,29
188,성산,2022-07-28,28.4,26.1,31.3
188,성산,2022-07-29,28,26.4,30.9
188,성산,2022-07-30,27.2,25.8,28.3
188,성산,2022-07-31,26.9,26.1,27.5
188,성산,2022-08-01,27.3,25.8,30
188,성산,2022-08-02,28,26.1,30.6
188,성산,2022-08-03,28.6,26.8,31.3
188,성산,2022-08-04,28.2,25.9,32.7
188,성산,2022-08-05,28.9,26.6,32.6
188,성산,2022-08-06,29.2,25,33.5
188,성산,2022-08-07,29.9,27.1,33.3
188,성산,2022-08-08,29.7,27.6,32.7
188,성산,2022-08-09,29.5,26.6,33
188,성산,2022-08-10,29.3,27.2,32.8
188,성산,2022-08-11,29.4,27.8,31.3
188,성산,2022-08-12,29,27,32.2
188,성산,2022-08-13,29.5,25.4,33.4
188,성산,2022-08-14,29.9,28.1,33.4
188,성산,2022-08-15,30.3,28.4,33.5
188,성산,2022-08-16,29.6,27.9,32.1
188,성산,2022-08-17,25.4,24.3,28.4
188,성산,2022-08-18,26.2,23.1,29.8
188,성산,2022-08-19,29,24.2,32.8
188,성산,2022-08-20,28.4,26.3,30.4
188,성산,2022-08-21,26.6,23.8,29.7
188,성산,2022-08-22,27.4,24,30.1
188,성산,2022-08-23,28.7,23.6,32.7
188,성산,2022-08-24,26.2,22.1,29.8
188,성산,2022-08-25,25.3,21.4,30.1
188,성산,2022-08-26,24.5,21.8,27.9
188,성산,2022-08-27,24,20,29.1
188,성산,2022-08-28,24.5,19.5,28.5
188,성산,2022-08-29,25.8,21.6,28.5
188,성산,2022-08-30,28,24.2,32.7
188,성산,2022-08-31,24.8,23,27.8
188,성산,2022-09-01,24.2,22.5,26.2
188,성산,2022-09-02,23.5,21.3,25.5
188,성산,2022-09-03,26.3,25,27.5
188,성산,2022-09-04,26,23,29.5
188,성산,2022-09-05,26.3,24.8,27.5
188,성산,2022-09-06,22.8,20.1,26.5
188,성산,2022-09-07,23.8,18.3,28.6
188,성산,2022-09-08,23.2,20.5,26.7
188,성산,2022-09-09,23.7,20.3,25.8
188,성산,2022-09-10,24.5,23.5,26.5
188,성산,2022-09-11,24.6,23.2,26.9
188,성산,2022-09-12,24.5,23.4,25.3
188,성산,2022-09-13,24.7,24.3,25.2
188,성산,2022-09-14,25.4,25,26.4
188,성산,2022-09-15,26.1,25.4,27.4
188,성산,2022-09-16,26.6,24.7,29.1
188,성산,2022-09-17,25.5,24.4,27.7
188,성산,2022-09-18,27.5,25.2,30.7
188,성산,2022-09-19,24.8,21,27.7
188,성산,2022-09-20,22.1,20.6,24.7
188,성산,2022-09-21,21.9,20.8,24
188,성산,2022-09-22,21.8,20.1,24.9
188,성산,2022-09-23,21.5,18,25.7
188,성산,2022-09-24,19.8,17.3,22.8
188,성산,2022-09-25,21.5,18.6,25.6
188,성산,2022-09-26,22.1,18.6,25.9
188,성산,2022-09-27,21.9,18.9,26.2
188,성산,2022-09-28,22.6,19.8,25
188,성산,2022-09-29,21.8,17.3,26.6
188,성산,2022-09-30,21.3,16.1,26.6
188,성산,2022-10-01,21.4,15.7,26.6
188,성산,2022-10-02,23.4,17.2,27.2
188,성산,2022-10-03,25.7,23.7,29.1
188,성산,2022-10-04,21.9,17.5,26.4
188,성산,2022-10-05,18.2,15.8,21.2
188,성산,2022-10-06,17,15.2,20.3
188,성산,2022-10-07,16.7,13.9,19.7
188,성산,2022-10-08,18.6,15,20.4
188,성산,2022-10-09,19,15.6,21.4
188,성산,2022-10-10,15.1,12.9,17.8
188,성산,2022-10-11,15.3,11.6,18.4
188,성산,2022-10-12,17.9,11.7,20.5
188,성산,2022-10-13,20.3,18.5,22
188,성산,2022-10-14,19.2,17,22.1
188,성산,2022-10-15,19.7,17.1,22.4
188,성산,2022-10-16,19.9,17.5,22.5
188,성산,2022-10-17,15.6,12.6,18.2
188,성산,2022-10-18,13.3,11.4,16.3
188,성산,2022-10-19,13.7,11.3,17.1
188,성산,2022-10-20,16,11.7,20.3
188,성산,2022-10-21,18.7,13.5,23.2
188,성산,2022-10-22,19.7,16.6,23.9
188,성산,2022-10-23,16.3,13.2,19.6
188,성산,2022-10-24,13.7,10.9,16.9
188,성산,2022-10-25,14.1,9.1,17.3
188,성산,2022-10-26,17.8,15,21.2
188,성산,2022-10-27,16,12.8,20.2
188,성산,2022-10-28,16.3,12,20.7
188,성산,2022-10-29,19.1,15.6,21.8
188,성산,2022-10-30,18.4,16.5,20.2
188,성산,2022-10-31,17.3,14.9,19.4
188,성산,2022-11-01,16.4,14,20.3
188,성산,2022-11-02,15.3,11.9,19.9
188,성산,2022-11-03,15.6,10,21.4
188,성산,2022-11-04,11.5,9.7,14.1
188,성산,2022-11-05,11.2,9,14.3
188,성산,2022-11-06,11.2,7.1,15.8
188,성산,2022-11-07,12.4,7.7,17.6
188,성산,2022-11-08,13.8,8.3,20.5
188,성산,2022-11-09,15.8,9.9,22
188,성산,2022-11-10,18.1,13.2,21.9
188,성산,2022-11-11,21,17.9,23.1
188,성산,2022-11-12,21.2,19.7,23
188,성산,2022-11-13,14.5,11.5,21.2
188,성산,2022-11-14,12.8,10.5,16
188,성산,2022-11-15,11.1,7.4,15.2
188,성산,2022-11-16,12.4,4.5,19.1
188,성산,2022-11-17,14.8,10.9,17.7
188,성산,2022-11-18,17.5,14.5,19.6
188,성산,2022-11-19,18.7,16.9,20.7
188,성산,2022-11-20,16.5,14.9,18.5
188,성산,2022-11-21,15.8,12.6,19.9
188,성산,2022-11-22,16,12.8,19
188,성산,2022-11-23,14.1,11.6,16.8
188,성산,2022-11-24,12.6,8.2,17.8
188,성산,2022-11-25,14.4,7.7,21.4
188,성산,2022-11-26,14.1,9.8,18.1
188,성산,2022-11-27,15.3,7.8,19.2
188,성산,2022-11-28,20.8,17.3,22.6
188,성산,2022-11-29,13.7,7.9,20.9
188,성산,2022-11-30,4.6,3.2,7.9
188,성산,2022-12-01,4,2.2,6.3
188,성산,2022-12-02,5.2,2,9
188,성산,2022-12-03,10.2,5,11.9
188,성산,2022-12-04,7.7,6.1,10.3
188,성산,2022-12-05,4.8,3,6.4
188,성산,2022-12-06,5.9,.9,11.2
188,성산,2022-12-07,8.1,1.7,13.1
188,성산,2022-12-08,8,1.6,12.1
188,성산,2022-12-09,10,6.2,14.4
188,성산,2022-12-10,10.5,7.7,14.3
188,성산,2022-12-11,8.1,5,10.4
188,성산,2022-12-12,8.2,5.4,10.4
188,성산,2022-12-13,9,6.6,11.8
188,성산,2022-12-14,3,1.1,7
188,성산,2022-12-15,4.9,-.1,11.2
188,성산,2022-12-16,5.1,3.3,7.9
188,성산,2022-12-17,2.2,-.8,5
188,성산,2022-12-18,.9,-2.1,3.2
188,성산,2022-12-19,3.5,-.4,7.3
188,성산,2022-12-20,8.5,2.4,12.7
188,성산,2022-12-21,8.6,6.1,11.8
188,성산,2022-12-22,.9,-1.8,6.5
188,성산,2022-12-23,-.3,-1.9,1.6
188,성산,2022-12-24,2.1,.2,3.3
188,성산,2022-12-25,4.5,2.1,8
188,성산,2022-12-26,5,2.4,8.4
188,성산,2022-12-27,5.4,3.6,8.2
188,성산,2022-12-28,5.5,3.7,8.5
188,성산,2022-12-29,4.4,2.1,7.2
188,성산,2022-12-30,5.7,2,8.6
188,성산,2022-12-31,4,-1,8.8
189,서귀포,2022-01-01,7,3.5,11.6
189,서귀포,2022-01-02,7.9,4.3,13.2
189,서귀포,2022-01-03,8.5,5.4,12.7
189,서귀포,2022-01-04,8.3,4.5,12.3
189,서귀포,2022-01-05,6.7,5.1,9.2
189,서귀포,2022-01-06,8.6,5.7,12.4
189,서귀포,2022-01-07,7.2,3.7,11.6
189,서귀포,2022-01-08,7.6,5,11.3
189,서귀포,2022-01-09,8.3,5.7,12.6
189,서귀포,2022-01-10,8.3,5.1,12.2
189,서귀포,2022-01-11,3.6,.8,7.7
189,서귀포,2022-01-12,3.9,1.5,7.6
189,서귀포,2022-01-13,4.3,1.9,6.7
189,서귀포,2022-01-14,5.1,1.8,8.2
189,서귀포,2022-01-15,7.8,5.4,11.4
189,서귀포,2022-01-16,8.8,5.7,13.9
189,서귀포,2022-01-17,6.9,5.2,10.2
189,서귀포,2022-01-18,5.5,3.1,8.5
189,서귀포,2022-01-19,6.2,3.3,10
189,서귀포,2022-01-20,4.8,2,7.3
189,서귀포,2022-01-21,7.5,2.6,10.4
189,서귀포,2022-01-22,9.8,8,12.2
189,서귀포,2022-01-23,10.1,8.9,11.5
189,서귀포,2022-01-24,10,8.3,12.3
189,서귀포,2022-01-25,9.3,8.5,10.6
189,서귀포,2022-01-26,9.6,7,12.4
189,서귀포,2022-01-27,9.4,7.7,11.7
189,서귀포,2022-01-28,8.5,6.7,12
189,서귀포,2022-01-29,8.3,7.3,10.4
189,서귀포,2022-01-30,7.4,3.8,11
189,서귀포,2022-01-31,5.8,1.8,10
189,서귀포,2022-02-01,6.4,3.7,10.2
189,서귀포,2022-02-02,6.3,2.8,8.8
189,서귀포,2022-02-03,6.5,4.1,9.3
189,서귀포,2022-02-04,5.2,2.3,9.5
189,서귀포,2022-02-05,2.7,1.6,5.4
189,서귀포,2022-02-06,3.9,1.7,7.3
189,서귀포,2022-02-07,5,1.7,8.4
189,서귀포,2022-02-08,5.7,2,9.8
189,서귀포,2022-02-09,6.8,2.8,11.2
189,서귀포,2022-02-10,6.8,4.8,11.2
189,서귀포,2022-02-11,7.9,3.8,12.5
189,서귀포,2022-02-12,10,7.4,12.3
189,서귀포,2022-02-13,10,8.9,11.4
189,서귀포,2022-02-14,9.8,6.5,14
189,서귀포,2022-02-15,5.4,1.2,10.6
189,서귀포,2022-02-16,2,.1,5.4
189,서귀포,2022-02-17,1.9,-.4,4.5
189,서귀포,2022-02-18,5.8,1.8,9.1
189,서귀포,2022-02-19,6.4,2.6,10.3
189,서귀포,2022-02-20,1.9,-1,4.7
189,서귀포,2022-02-21,4.2,.6,7.7
189,서귀포,2022-02-22,4.6,2.4,8.3
189,서귀포,2022-02-23,4.5,2.2,7.4
189,서귀포,2022-02-24,4.6,1.2,8.3
189,서귀포,2022-02-25,6.9,2.6,11.1
189,서귀포,2022-02-26,8.8,4,13.2
189,서귀포,2022-02-27,9.1,6.3,13
189,서귀포,2022-02-28,10.4,5,13.4
189,서귀포,2022-03-01,13.4,9.6,17.9
189,서귀포,2022-03-02,8.2,4.6,12.6
189,서귀포,2022-03-03,9.2,3.6,13.7
189,서귀포,2022-03-04,11.2,7.6,15.7
189,서귀포,2022-03-05,11.1,7.4,16.6
189,서귀포,2022-03-06,7.5,4.3,11.3
189,서귀포,2022-03-07,8.9,6.6,11.9
189,서귀포,2022-03-08,10.4,5.6,16.6
189,서귀포,2022-03-09,11.8,6.8,16.3
189,서귀포,2022-03-10,13.1,7.6,17.1
189,서귀포,2022-03-11,16.5,14.7,18
189,서귀포,2022-03-12,17.8,14.7,20.7
189,서귀포,2022-03-13,15.7,13.5,17.2
189,서귀포,2022-03-14,14.4,12.8,17.6
189,서귀포,2022-03-15,14,11.6,17.4
189,서귀포,2022-03-16,14.5,10,18.4
189,서귀포,2022-03-17,13.8,11.2,17.1
189,서귀포,2022-03-18,11.9,10.3,14.9
189,서귀포,2022-03-19,8.5,6.4,10.9
189,서귀포,2022-03-20,9.3,6,11.9
189,서귀포,2022-03-21,9.9,6.7,12.9
189,서귀포,2022-03-22,11,6.3,15.5
189,서귀포,2022-03-23,10.8,8.4,13.7
189,서귀포,2022-03-24,11.6,7,15.1
189,서귀포,2022-03-25,16,10.6,18.5
189,서귀포,2022-03-26,14.9,11.7,17.7
189,서귀포,2022-03-27,14.8,12,19.6
189,서귀포,2022-03-28,12.3,9.4,15.6
189,서귀포,2022-03-29,13.5,10.2,16.7
189,서귀포,2022-03-30,17.3,14.1,20.5
189,서귀포,2022-03-31,15.5,12.8,18.4
189,서귀포,2022-04-01,12.1,9.6,15.4
189,서귀포,2022-04-02,11.4,7.7,15.6
189,서귀포,2022-04-03,11.6,7,15.6
189,서귀포,2022-04-04,12.6,7.5,16.8
189,서귀포,2022-04-05,12.9,10.2,16.2
189,서귀포,2022-04-06,14.4,9.9,18.2
189,서귀포,2022-04-07,15.6,10.8,20.6
189,서귀포,2022-04-08,15.8,11.4,20
189,서귀포,2022-04-09,17.4,14.2,21
189,서귀포,2022-04-10,19.2,14.7,22.6
189,서귀포,2022-04-11,19.9,19,22.6
189,서귀포,2022-04-12,18.5,17.4,21.5
189,서귀포,2022-04-13,18.1,14.4,22.8
189,서귀포,2022-04-14,14.1,13.6,15.3
189,서귀포,2022-04-15,15.5,12.8,19
189,서귀포,2022-04-16,14.4,11.3,17.5
189,서귀포,2022-04-17,15.6,10.7,20.7
189,서귀포,2022-04-18,16.2,14.1,19.1
189,서귀포,2022-04-19,17.1,13.1,21.6
189,서귀포,2022-04-20,17.2,12.6,21.5
189,서귀포,2022-04-21,14.4,11,17.4
189,서귀포,2022-04-22,17.7,13.2,21.5
189,서귀포,2022-04-23,18.4,17.1,20.5
189,서귀포,2022-04-24,18.8,16.9,21.6
189,서귀포,2022-04-25,20.1,16.2,23.4
189,서귀포,2022-04-26,18.1,16.6,20.5
189,서귀포,2022-04-27,19.3,16.4,24.5
189,서귀포,2022-04-28,18.8,15.4,23.4
189,서귀포,2022-04-29,15.1,11.6,19.7
189,서귀포,2022-04-30,15.2,13.5,17.6
189,서귀포,2022-05-01,15.8,12.6,20.7
189,서귀포,2022-05-02,17,13.4,21.2
189,서귀포,2022-05-03,15.5,12.1,18.8
189,서귀포,2022-05-04,16.1,12.2,20.2
189,서귀포,2022-05-05,19.4,14.4,23.5
189,서귀포,2022-05-06,21.2,18.1,24.4
189,서귀포,2022-05-07,20.7,18.2,23.7
189,서귀포,2022-05-08,18.3,17,20.8
189,서귀포,2022-05-09,17.7,16.2,21
189,서귀포,2022-05-10,18.2,15.4,21.8
189,서귀포,2022-05-11,19.1,17.7,20.6
189,서귀포,2022-05-12,20.7,18.3,25
189,서귀포,2022-05-13,19.1,17.6,21.8
189,서귀포,2022-05-14,18.8,15.3,22.5
189,서귀포,2022-05-15,17.8,15.3,20.8
189,서귀포,2022-05-16,17.6,14.3,21.4
189,서귀포,2022-05-17,19.3,15.8,22.4
189,서귀포,2022-05-18,20.5,16.9,22.6
189,서귀포,2022-05-19,20.3,17.2,23.3
189,서귀포,2022-05-20,20.8,18.4,24.6
189,서귀포,2022-05-21,20.7,16.9,24.4
189,서귀포,2022-05-22,21.4,17.1,25.1
189,서귀포,2022-05-23,21.1,18.5,24.9
189,서귀포,2022-05-24,21.8,18.3,25.3
189,서귀포,2022-05-25,21.5,18.8,25.1
189,서귀포,2022-05-26,19.9,17.9,22.4
189,서귀포,2022-05-27,23.1,15.3,29.6
189,서귀포,2022-05-28,21.1,19,25.8
189,서귀포,2022-05-29,19.5,18.2,21.5
189,서귀포,2022-05-30,20.1,19,23.5
189,서귀포,2022-05-31,21.6,18.4,25.7
189,서귀포,2022-06-01,20,18,23.4
189,서귀포,2022-06-02,20.6,17.9,23.8
189,서귀포,2022-06-03,21.1,18,24.3
189,서귀포,2022-06-04,22.1,19.7,25.2
189,서귀포,2022-06-05,19.7,17.3,21.7
189,서귀포,2022-06-06,21.9,18.5,26.9
189,서귀포,2022-06-07,20.2,18.2,21.7
189,서귀포,2022-06-08,20.1,18.2,22.7
189,서귀포,2022-06-09,20.5,18.1,23.5
189,서귀포,2022-06-10,21.3,18.3,23.5
189,서귀포,2022-06-11,22.5,18.3,26.3
189,서귀포,2022-06-12,21.5,20.2,24.4
189,서귀포,2022-06-13,20.1,19,21.8
189,서귀포,2022-06-14,20.5,18.9,22.4
189,서귀포,2022-06-15,21.1,19.3,23.9
189,서귀포,2022-06-16,21.4,19.3,24.2
189,서귀포,2022-06-17,22.7,20.8,25.4
189,서귀포,2022-06-18,23.4,21.5,26.3
189,서귀포,2022-06-19,23.9,21.6,26.9
189,서귀포,2022-06-20,22.9,21.7,24.7
189,서귀포,2022-06-21,24.8,22,28.7
189,서귀포,2022-06-22,23.9,20.7,28
189,서귀포,2022-06-23,24.1,23.6,24.8
189,서귀포,2022-06-24,23.6,22.1,27.1
189,서귀포,2022-06-25,24.4,22.4,27.9
189,서귀포,2022-06-26,24.9,24.2,26.7
189,서귀포,2022-06-27,25,24.1,26.3
189,서귀포,2022-06-28,25,24.6,26
189,서귀포,2022-06-29,25.4,24.7,26.7
189,서귀포,2022-06-30,26.5,25.1,28.7
189,서귀포,2022-07-01,26.3,24.5,29
189,서귀포,2022-07-02,27,24.2,30
189,서귀포,2022-07-03,27.3,25,30.7
189,서귀포,2022-07-04,26.5,24.9,29.5
189,서귀포,2022-07-05,27.2,25.4,29.3
189,서귀포,2022-07-06,27.7,26.3,29.7
189,서귀포,2022-07-07,27.6,26.8,28.8
189,서귀포,2022-07-08,27.6,26,29.9
189,서귀포,2022-07-09,27.4,24.8,30.2
189,서귀포,2022-07-10,27.7,25.1,30.7
189,서귀포,2022-07-11,25.9,23,28.3
189,서귀포,2022-07-12,27,25.1,29.4
189,서귀포,2022-07-13,27.7,25.2,30.1
189,서귀포,2022-07-14,27.6,25.8,30
189,서귀포,2022-07-15,25.7,24.2,27.9
189,서귀포,2022-07-16,27,23.3,32.3
189,서귀포,2022-07-17,26.7,24.4,29.2
189,서귀포,2022-07-18,27,25.4,28.7
189,서귀포,2022-07-19,26.5,24.7,28.6
189,서귀포,2022-07-20,26.3,24.5,28
189,서귀포,2022-07-21,27.4,24.2,31.7
189,서귀포,2022-07-22,26.2,23,30.5
189,서귀포,2022-07-23,26.6,23.5,29.3
189,서귀포,2022-07-24,27.4,24.7,31.7
189,서귀포,2022-07-25,25.9,24,29.2
189,서귀포,2022-07-26,26,22.9,28.6
189,서귀포,2022-07-27,26.8,25.1,29
189,서귀포,2022-07-28,28.1,25.8,31.1
189,서귀포,2022-07-29,29.2,27.1,32.4
189,서귀포,2022-07-30,26.9,25.2,28.5
189,서귀포,2022-07-31,26.9,25.4,27.4
189,서귀포,2022-08-01,27.2,25.9,28.8
189,서귀포,2022-08-02,28.1,24.9,30.8
189,서귀포,2022-08-03,28.4,27,30.9
189,서귀포,2022-08-04,28.8,27.2,31
189,서귀포,2022-08-05,28.8,27.3,31.2
189,서귀포,2022-08-06,29.2,27.4,31.4
189,서귀포,2022-08-07,29.2,27.8,31.4
189,서귀포,2022-08-08,29.1,27.8,31.5
189,서귀포,2022-08-09,28.9,27.4,31.6
189,서귀포,2022-08-10,29,27.5,31.8
189,서귀포,2022-08-11,28.6,27.1,30.8
189,서귀포,2022-08-12,28.6,27.7,30.4
189,서귀포,2022-08-13,29,27.4,31
189,서귀포,2022-08-14,29.1,27.7,31.4
189,서귀포,2022-08-15,28.9,27.4,31.3
189,서귀포,2022-08-16,28,26.3,30.1
189,서귀포,2022-08-17,25.2,23.3,27.7
189,서귀포,2022-08-18,26.4,23,28.5
189,서귀포,2022-08-19,28.5,26,30.5
189,서귀포,2022-08-20,27.8,26.5,30.5
189,서귀포,2022-08-21,27.3,25,29.9
189,서귀포,2022-08-22,27.4,25.3,30.2
189,서귀포,2022-08-23,28.4,25.5,31.1
189,서귀포,2022-08-24,27.4,23.9,30.2
189,서귀포,2022-08-25,25.8,21.4,29.6
189,서귀포,2022-08-26,24.9,22.2,27.4
189,서귀포,2022-08-27,25.4,22.3,29.1
189,서귀포,2022-08-28,25,21.4,28.1
189,서귀포,2022-08-29,26.1,23.2,29.1
189,서귀포,2022-08-30,27.9,26.3,31.1
189,서귀포,2022-08-31,26.9,25.5,29.2
189,서귀포,2022-09-01,25.3,23.8,27.2
189,서귀포,2022-09-02,22.7,20.7,24.8
189,서귀포,2022-09-03,25.1,23.9,26.8
189,서귀포,2022-09-04,25.8,22.4,28.2
189,서귀포,2022-09-05,26.2,24.6,28.1
189,서귀포,2022-09-06,25,22.2,29.1
189,서귀포,2022-09-07,24.6,20.6,28.6
189,서귀포,2022-09-08,24.5,20.6,28.8
189,서귀포,2022-09-09,23.9,19.8,27.6
189,서귀포,2022-09-10,24.2,22.3,27.1
189,서귀포,2022-09-11,24.9,22.5,28.1
189,서귀포,2022-09-12,25.1,24.2,27
189,서귀포,2022-09-13,24.5,23.4,25.7
189,서귀포,2022-09-14,25.3,24.2,26.6
189,서귀포,2022-09-15,25.7,25,28
189,서귀포,2022-09-16,26.9,25.1,29.8
189,서귀포,2022-09-17,26.8,23.7,31
189,서귀포,2022-09-18,29.5,26.6,32.7
189,서귀포,2022-09-19,28.7,24,34.8
189,서귀포,2022-09-20,22.3,20.9,24.6
189,서귀포,2022-09-21,21.1,19.8,24.1
189,서귀포,2022-09-22,22.3,19.9,25.9
189,서귀포,2022-09-23,22.7,19.4,25.8
189,서귀포,2022-09-24,21.3,18.2,24.3
189,서귀포,2022-09-25,22.1,19,25.7
189,서귀포,2022-09-26,22.7,19.4,25.7
189,서귀포,2022-09-27,23,20,27
189,서귀포,2022-09-28,22.9,21.7,25.2
189,서귀포,2022-09-29,22.7,20.2,26.6
189,서귀포,2022-09-30,22.1,18.4,25.9
189,서귀포,2022-10-01,22,17.8,25.8
189,서귀포,2022-10-02,23.4,19.8,25.2
189,서귀포,2022-10-03,25.6,24.3,27.9
189,서귀포,2022-10-04,24.2,21.8,26.6
189,서귀포,2022-10-05,21.3,17.8,24.1
189,서귀포,2022-10-06,18.8,16.2,22.1
189,서귀포,2022-10-07,17.9,15.5,21.1
189,서귀포,2022-10-08,18.1,16,20.1
189,서귀포,2022-10-09,18.6,16.9,20.2
189,서귀포,2022-10-10,15.9,14.3,18.3
189,서귀포,2022-10-11,16.8,13.7,21
189,서귀포,2022-10-12,17.9,12.5,22
189,서귀포,2022-10-13,19.9,18,23.1
189,서귀포,2022-10-14,20.2,18.2,23.4
189,서귀포,2022-10-15,20.5,16.8,24.5
189,서귀포,2022-10-16,21.1,19.1,23.7
189,서귀포,2022-10-17,19,14.3,23.6
189,서귀포,2022-10-18,15.4,11.5,20.1
189,서귀포,2022-10-19,15.8,11.5,20.2
189,서귀포,2022-10-20,17.5,14.2,20.8
189,서귀포,2022-10-21,20.1,16.3,23.6
189,서귀포,2022-10-22,21.7,19.6,24.8
189,서귀포,2022-10-23,19.3,15.9,23.2
189,서귀포,2022-10-24,15.9,13,20.1
189,서귀포,2022-10-25,14.9,11.5,18.3
189,서귀포,2022-10-26,17.5,15.6,20.1
189,서귀포,2022-10-27,17.5,14.7,21.5
189,서귀포,2022-10-28,17.8,13,22.7
189,서귀포,2022-10-29,18.7,17.2,22.2
189,서귀포,2022-10-30,18.1,16.4,21.6
189,서귀포,2022-10-31,17.8,15.8,21
189,서귀포,2022-11-01,18,14.6,22.2
189,서귀포,2022-11-02,17.3,13.3,21.8
189,서귀포,2022-11-03,16.9,11.3,21
189,서귀포,2022-11-04,15.7,13.2,18.4
189,서귀포,2022-11-05,13.7,10.7,17.3
189,서귀포,2022-11-06,13.7,10.8,17.9
189,서귀포,2022-11-07,14.1,10,18.2
189,서귀포,2022-11-08,16,11.5,21.1
189,서귀포,2022-11-09,17.1,12.8,21
189,서귀포,2022-11-10,19.3,15.8,22.6
189,서귀포,2022-11-11,20.6,19.1,23.2
189,서귀포,2022-11-12,21.1,19.6,22.6
189,서귀포,2022-11-13,17.8,13.1,24.1
189,서귀포,2022-11-14,15.1,12.8,18.6
189,서귀포,2022-11-15,13.6,10.7,17
189,서귀포,2022-11-16,14.4,9.4,18.9
189,서귀포,2022-11-17,15.5,12.7,17.9
189,서귀포,2022-11-18,17.2,15.8,20.2
189,서귀포,2022-11-19,18.2,16.9,20.9
189,서귀포,2022-11-20,16.2,15.1,17.8
189,서귀포,2022-11-21,16.3,13.3,20.3
189,서귀포,2022-11-22,16.3,13.9,17.8
189,서귀포,2022-11-23,16.5,13.7,19.8
189,서귀포,2022-11-24,15.4,12,20.1
189,서귀포,2022-11-25,15.9,10.4,20.1
189,서귀포,2022-11-26,16.3,13.1,20.7
189,서귀포,2022-11-27,15.8,11.3,18.4
189,서귀포,2022-11-28,20.7,17.4,23.3
189,서귀포,2022-11-29,18,14.8,21.1
189,서귀포,2022-11-30,8.3,5.2,14.8
189,서귀포,2022-12-01,6,4.2,8.8
189,서귀포,2022-12-02,7.3,4.6,10.7
189,서귀포,2022-12-03,11.5,9.2,12.7
189,서귀포,2022-12-04,12,9.8,13.7
189,서귀포,2022-12-05,10,5.6,12.8
189,서귀포,2022-12-06,8,4.2,12
189,서귀포,2022-12-07,10.8,7.1,15.6
189,서귀포,2022-12-08,10.7,8.1,14.2
189,서귀포,2022-12-09,11,7.9,14.7
189,서귀포,2022-12-10,12.5,8.8,16.9
189,서귀포,2022-12-11,9.5,6.1,12.4
189,서귀포,2022-12-12,9.8,5.8,14.3
189,서귀포,2022-12-13,9.2,6,12.3
189,서귀포,2022-12-14,4.5,2.8,7.3
189,서귀포,2022-12-15,6.4,3,10.6
189,서귀포,2022-12-16,9.2,6.8,11.8
189,서귀포,2022-12-17,3.6,-.8,7.8
189,서귀포,2022-12-18,.7,-1.8,3.4
189,서귀포,2022-12-19,5.3,1.3,8.2
189,서귀포,2022-12-20,8.5,3.6,12.1
189,서귀포,2022-12-21,9.3,6.8,13
189,서귀포,2022-12-22,2.9,-.9,6.9
189,서귀포,2022-12-23,.8,-1.3,3.3
189,서귀포,2022-12-24,3.6,.1,7.5
189,서귀포,2022-12-25,6.1,1.8,11.6
189,서귀포,2022-12-26,6.8,3.6,11.6
189,서귀포,2022-12-27,7.5,4.1,11.2
189,서귀포,2022-12-28,6.7,4.3,11.3
189,서귀포,2022-12-29,5.9,3.4,9.1
189,서귀포,2022-12-30,5.9,2.7,10.1
189,서귀포,2022-12-31,6.3,2.5,11.2
239,세종,2022-01-01,-5.1,-10.7,.7
239,세종,2022-01-02,-1.4,-8,6.3
239,세종,2022-01-03,-2.1,-8,3.5
239,세종,2022-01-04,-.4,-4.7,4.5
239,세종,2022-01-05,-2.6,-7,1.5
239,세종,2022-01-06,-1.2,-6.7,5
239,세종,2022-01-07,-2,-7.8,5.2
239,세종,2022-01-08,.3,-7.3,7.1
239,세종,2022-01-09,1.8,-2,6.3
239,세종,2022-01-10,.1,-4.9,5.8
239,세종,2022-01-11,-4.5,-7.4,-.4
239,세종,2022-01-12,-5.8,-11.5,.2
239,세종,2022-01-13,-4.9,-7.7,-1
239,세종,2022-01-14,-4.5,-10.7,2.4
239,세종,2022-01-15,-.1,-6.6,5.5
239,세종,2022-01-16,-.3,-5.1,2.9
239,세종,2022-01-17,-3.5,-8,1.9
239,세종,2022-01-18,-4.5,-10.1,1.6
239,세종,2022-01-19,-3.9,-9.5,2.1
239,세종,2022-01-20,-4.4,-10.7,2.1
239,세종,2022-01-21,-2.5,-9.4,5.2
239,세종,2022-01-22,2.5,-3.5,8.8
239,세종,2022-01-23,3.9,-.2,9.6
239,세종,2022-01-24,3.8,-2.1,8.7
239,세종,2022-01-25,2.5,-.3,4.8
239,세종,2022-01-26,2,-1.5,6.7
239,세종,2022-01-27,-.2,-3.9,6
239,세종,2022-01-28,-1.2,-5.3,4.4
239,세종,2022-01-29,-2.5,-6,2.9
239,세종,2022-01-30,-2.7,-8.2,3.6
239,세종,2022-01-31,-1.1,-9.1,6
239,세종,2022-02-01,0,-2.1,2.9
239,세종,2022-02-02,-.9,-3.5,2.7
239,세종,2022-02-03,-2.3,-5.9,2.7
239,세종,2022-02-04,-3.1,-6.4,1.7
239,세종,2022-02-05,-4.9,-8.9,-.2
239,세종,2022-02-06,-3.1,-9.6,2.9
239,세종,2022-02-07,-2.2,-8.2,2.3
239,세종,2022-02-08,-.5,-6.1,6.4
239,세종,2022-02-09,.9,-6.3,7.7
239,세종,2022-02-10,2.2,-1.8,8.2
239,세종,2022-02-11,2.2,-4.7,10
239,세종,2022-02-12,4.1,-1.9,11.2
239,세종,2022-02-13,4.5,-.4,10.6
239,세종,2022-02-14,3.5,-2.2,11.3
239,세종,2022-02-15,-3.1,-6.5,0
239,세종,2022-02-16,-5.9,-8.7,-2.1
239,세종,2022-02-17,-5.8,-10.4,-1.1
239,세종,2022-02-18,-1.5,-10.2,6.4
239,세종,2022-02-19,-.3,-4.2,3.8
239,세종,2022-02-20,-3.9,-6.7,.1
239,세종,2022-02-21,-1.6,-8.8,5
239,세종,2022-02-22,-2.9,-5.8,2
239,세종,2022-02-23,-4.7,-10.1,1.2
239,세종,2022-02-24,-2.3,-10.2,4.8
239,세종,2022-02-25,2.4,-5.8,10.3
239,세종,2022-02-26,6.1,1.2,11.7
239,세종,2022-02-27,4.3,-1.3,11.4
239,세종,2022-02-28,6,-1.5,13
239,세종,2022-03-01,5.7,.3,12.5
239,세종,2022-03-02,2.5,-4.4,10.3
239,세종,2022-03-03,5.4,-1.8,13.6
239,세종,2022-03-04,8,-.8,16.4
239,세종,2022-03-05,3.2,-1.1,8.2
239,세종,2022-03-06,1.8,-3.5,8.5
239,세종,2022-03-07,3.3,-4.3,11.1
239,세종,2022-03-08,5.3,-2.6,13.5
239,세종,2022-03-09,7,-.5,15.9
239,세종,2022-03-10,9.1,.4,17.4
239,세종,2022-03-11,10.7,3.7,16.9
239,세종,2022-03-12,15.2,8.9,21.1
239,세종,2022-03-13,13.8,11.8,16.9
239,세종,2022-03-14,10.2,5,14.6
239,세종,2022-03-15,8.5,2.2,16
239,세종,2022-03-16,10.5,2.1,18.3
239,세종,2022-03-17,8.7,6.1,10.9
239,세종,2022-03-18,6.7,5.1,9.4
239,세종,2022-03-19,3.7,1.9,7.6
239,세종,2022-03-20,5,1.3,10.5
239,세종,2022-03-21,5,-1.3,11.7
239,세종,2022-03-22,7,1,12.8
239,세종,2022-03-23,5,1.6,8.7
239,세종,2022-03-24,8.2,0,15.3
239,세종,2022-03-25,11.9,5.1,18.7
239,세종,2022-03-26,11,7,14.6
239,세종,2022-03-27,7.6,2.5,14.6
239,세종,2022-03-28,7.2,-1.9,14.8
239,세종,2022-03-29,10,1.5,18.2
239,세종,2022-03-30,11.3,4.3,17.5
239,세종,2022-03-31,10.9,8.4,14.9
239,세종,2022-04-01,9.2,3.9,15.5
239,세종,2022-04-02,7.4,-.5,15.2
239,세종,2022-04-03,8.7,.1,17.2
239,세종,2022-04-04,10,1.5,19
239,세종,2022-04-05,9.6,.3,18.2
239,세종,2022-04-06,11.7,4,20.3
239,세종,2022-04-07,10.7,5.2,18.3
239,세종,2022-04-08,13.2,3,22.9
239,세종,2022-04-09,17.6,9.8,25.5
239,세종,2022-04-10,18.3,10.3,27.1
239,세종,2022-04-11,19.9,12,27.4
239,세종,2022-04-12,20,14.6,27
239,세종,2022-04-13,12.9,8.7,17.3
239,세종,2022-04-14,10.3,8.4,14.2
239,세종,2022-04-15,11.9,6.4,18.9
239,세종,2022-04-16,12.6,5.7,19.9
239,세종,2022-04-17,13,3.2,21.7
239,세종,2022-04-18,14.3,8.1,22.3
239,세종,2022-04-19,15,6.9,23.9
239,세종,2022-04-20,14.8,6.1,23
239,세종,2022-04-21,14.3,6.8,21.4
239,세종,2022-04-22,16.5,10.3,24.3
239,세종,2022-04-23,18,11.8,24.8
239,세종,2022-04-24,18.9,13.3,27.6
239,세종,2022-04-25,19.6,14.9,26.2
239,세종,2022-04-26,18.5,15.4,24.2
239,세종,2022-04-27,17,11.5,23.3
239,세종,2022-04-28,17.2,9.2,25.5
239,세종,2022-04-29,12.7,9.8,17
239,세종,2022-04-30,12.9,9,18.1
239,세종,2022-05-01,12.8,5.7,19.6
239,세종,2022-05-02,13,6.8,19.9
239,세종,2022-05-03,13.4,4.3,20.7
239,세종,2022-05-04,16.5,7,25.4
239,세종,2022-05-05,18,8.4,25.9
239,세종,2022-05-06,19,11.3,26.7
239,세종,2022-05-07,16.9,12.1,23.2
239,세종,2022-05-08,16.5,11,23
239,세종,2022-05-09,16.3,10.4,22.8
239,세종,2022-05-10,18.1,10.8,25.5
239,세종,2022-05-11,18.7,13.2,24.6
239,세종,2022-05-12,19.9,13.7,27.5
239,세종,2022-05-13,17.6,14.9,21.3
239,세종,2022-05-14,14.9,8.7,21.2
239,세종,2022-05-15,14.5,7.9,20.9
239,세종,2022-05-16,15.7,6.6,23.8
239,세종,2022-05-17,19.2,10.2,26.9
239,세종,2022-05-18,20.8,13.4,26.9
239,세종,2022-05-19,19.7,16,24.3
239,세종,2022-05-20,19.6,13,27.1
239,세종,2022-05-21,19.6,13.5,26.8
239,세종,2022-05-22,20.2,14,28
239,세종,2022-05-23,21.8,15.4,29.8
239,세종,2022-05-24,21.9,13.7,30
239,세종,2022-05-25,21,14.3,28.4
239,세종,2022-05-26,18.5,12.2,25.1
239,세종,2022-05-27,20.4,15.4,26.6
239,세종,2022-05-28,22.1,14.5,29.1
239,세종,2022-05-29,22.5,15.3,29.2
239,세종,2022-05-30,20.7,17.4,26
239,세종,2022-05-31,19.8,11.2,27.7
239,세종,2022-06-01,22,13.8,30.3
239,세종,2022-06-02,21,12.6,29.1
239,세종,2022-06-03,23.8,17.3,31.6
239,세종,2022-06-04,24.4,19,30.3
239,세종,2022-06-05,18.6,16.6,23.7
239,세종,2022-06-06,18.9,16.1,23
239,세종,2022-06-07,17,14.1,20.9
239,세종,2022-06-08,19.9,14.5,26
239,세종,2022-06-09,21.1,17.2,27.2
239,세종,2022-06-10,22.9,16.4,29.1
239,세종,2022-06-11,23.8,17.5,30.8
239,세종,2022-06-12,23.7,18.3,29.5
239,세종,2022-06-13,22.9,19.3,27.4
239,세종,2022-06-14,18.1,15.7,21.7
239,세종,2022-06-15,19,14.9,25.4
239,세종,2022-06-16,20.8,17.5,26.4
239,세종,2022-06-17,22.3,16.1,27.5
239,세종,2022-06-18,23.9,20.8,28.2
239,세종,2022-06-19,24.3,20.3,28.4
239,세종,2022-06-20,26.1,21.2,32.3
239,세종,2022-06-21,27,20.6,35.1
239,세종,2022-06-22,26.3,21.4,33.2
239,세종,2022-06-23,24.2,20.7,30.2
239,세종,2022-06-24,24,22.3,28.2
239,세종,2022-06-25,26.9,22,32.7
239,세종,2022-06-26,27.2,24.1,30.5
239,세종,2022-06-27,27.9,25.1,30.3
239,세종,2022-06-28,29.1,27.3,31.3
239,세종,2022-06-29,26.2,24.1,29.2
239,세종,2022-06-30,26.4,24.4,30.4
239,세종,2022-07-01,28,23,33.1
239,세종,2022-07-02,28.7,23,34
239,세종,2022-07-03,27.6,22.3,34.3
239,세종,2022-07-04,27.1,22.7,33.4
239,세종,2022-07-05,27.6,23.8,33.7
239,세종,2022-07-06,29.2,24.8,34.6
239,세종,2022-07-07,28.3,25.7,33
239,세종,2022-07-08,26.9,23.3,31.2
239,세종,2022-07-09,25.7,21.9,29.8
239,세종,2022-07-10,27.5,22.9,33.9
239,세종,2022-07-11,24.5,22.9,27.6
239,세종,2022-07-12,26.6,23.4,29.9
239,세종,2022-07-13,24.9,23.9,26.5
239,세종,2022-07-14,26,23.1,30
239,세종,2022-07-15,25.4,21.3,30.4
239,세종,2022-07-16,25.5,21.1,30.5
239,세종,2022-07-17,25.4,20.6,30.1
239,세종,2022-07-18,22.3,21.1,24.7
239,세종,2022-07-19,24.5,20.3,30.7
239,세종,2022-07-20,26.9,22.4,32.2
239,세종,2022-07-21,23.6,22.5,25.6
239,세종,2022-07-22,24.9,21.6,29.8
239,세종,2022-07-23,24.2,21.1,28.1
239,세종,2022-07-24,24.1,22.3,26.1
239,세종,2022-07-25,26.7,23.4,31.6
239,세종,2022-07-26,27.7,22.2,33.4
239,세종,2022-07-27,27.5,24.7,30.9
239,세종,2022-07-28,27,23.4,33
239,세종,2022-07-29,29.7,24.3,34.5
239,세종,2022-07-30,28.9,25.4,32.5
239,세종,2022-07-31,26,24.9,28
239,세종,2022-08-01,27.4,24.8,32.4
239,세종,2022-08-02,27.4,25.5,31
239,세종,2022-08-03,28.6,25.6,32.8
239,세종,2022-08-04,28.3,24.7,33.2
239,세종,2022-08-05,28.4,25.5,32.6
239,세종,2022-08-06,28.8,25.5,33.4
239,세종,2022-08-07,29,26,32.8
239,세종,2022-08-08,27.9,26.1,29.5
239,세종,2022-08-09,27.4,25.4,29.8
239,세종,2022-08-10,24.7,23,27.5
239,세종,2022-08-11,24.9,24.3,26.2
239,세종,2022-08-12,26.8,23.4,32
239,세종,2022-08-13,25.3,23.4,27.8
239,세종,2022-08-14,26.7,24.4,31
239,세종,2022-08-15,28.2,24.6,31.1
239,세종,2022-08-16,25.8,23.7,29.7
239,세종,2022-08-17,24.8,21.6,30.7
239,세종,2022-08-18,24.4,19.1,30.4
239,세종,2022-08-19,26,20.7,29.7
239,세종,2022-08-20,27.2,24.5,31.5
239,세종,2022-08-21,27,23.4,32.1
239,세종,2022-08-22,26.8,23,32
239,세종,2022-08-23,24.1,22.8,25.4
239,세종,2022-08-24,23,21,25.9
239,세종,2022-08-25,21.8,17.9,28.3
239,세종,2022-08-26,22.1,15.9,27.9
239,세종,2022-08-27,20.9,16.4,25.3
239,세종,2022-08-28,21.2,14.7,27.8
239,세종,2022-08-29,19.5,16.8,21.5
239,세종,2022-08-30,19,16.8,20.3
239,세종,2022-08-31,20.9,19.3,23.6
239,세종,2022-09-01,22.3,19.1,28.2
239,세종,2022-09-02,22.8,17.8,27.7
239,세종,2022-09-03,23.3,20.7,26.8
239,세종,2022-09-04,24.1,20.8,27.4
239,세종,2022-09-05,22.3,18.3,25.2
239,세종,2022-09-06,20.1,17.1,25.5
239,세종,2022-09-07,20.6,16.2,27.7
239,세종,2022-09-08,21.1,14.3,29.2
239,세종,2022-09-09,22.9,17.3,28.7
239,세종,2022-09-10,22.1,18.8,26.7
239,세종,2022-09-11,23.3,19.4,28.3
239,세종,2022-09-12,23,20.7,26.6
239,세종,2022-09-13,24.1,21.3,27.1
239,세종,2022-09-14,24.7,21.6,28.4
239,세종,2022-09-15,25.2,21.8,29.3
239,세종,2022-09-16,25.2,21.5,29.2
239,세종,2022-09-17,26.8,23,32.7
239,세종,2022-09-18,27.5,23.4,32.6
239,세종,2022-09-19,24.4,18.8,30.3
239,세종,2022-09-20,19.1,15.1,24.6
239,세종,2022-09-21,18.5,13.2,24.1
239,세종,2022-09-22,18,12.7,23.8
239,세종,2022-09-23,17,12.9,23.7
239,세종,2022-09-24,17.1,10.6,23.9
239,세종,2022-09-25,17.9,14,24.8
239,세종,2022-09-26,18.7,14.5,25.6
239,세종,2022-09-27,19,12.1,27.5
239,세종,2022-09-28,18.9,14.1,25.3
239,세종,2022-09-29,,15.1,
239,세종,2022-09-30,,12.9,27.8
239,세종,2022-10-01,19.1,12.4,27.5
239,세종,2022-10-02,20.6,16.6,28.1
239,세종,2022-10-03,23.1,18.2,25.8
239,세종,2022-10-04,19.6,14.9,24.5
239,세종,2022-10-05,15.6,13,21.1
239,세종,2022-10-06,15.7,13.1,20.9
239,세종,2022-10-07,14.8,11.5,18.8
239,세종,2022-10-08,15.7,9.7,20.6
239,세종,2022-10-09,12.8,10.7,15
239,세종,2022-10-10,10.2,7.7,13.4
239,세종,2022-10-11,11.4,7.8,17.3
239,세종,2022-10-12,11.8,4.9,20.1
239,세종,2022-10-13,15,9.2,22.1
239,세종,2022-10-14,15.4,10.6,22.4
239,세종,2022-10-15,18,12.8,24.5
239,세종,2022-10-16,17.3,14.4,22.1
239,세종,2022-10-17,12.3,7.5,15.3
239,세종,2022-10-18,7.8,2.2,14.2
239,세종,2022-10-19,8.7,1.4,16.6
239,세종,2022-10-20,10.3,3.1,19.2
239,세종,2022-10-21,11.8,6,18.9
239,세종,2022-10-22,13.9,8.1,21.5
239,세종,2022-10-23,13.4,9.8,19.4
239,세종,2022-10-24,9.3,4.9,15.1
239,세종,2022-10-25,9.5,3.2,16.3
239,세종,2022-10-26,11,4.6,18.2
239,세종,2022-10-27,12.6,6.2,20.3
239,세종,2022-10-28,13.5,8.9,19.9
239,세종,2022-10-29,13.6,8.3,20.7
239,세종,2022-10-30,13.8,8.3,20.7
239,세종,2022-10-31,13.9,9.6,20
239,세종,2022-11-01,12.8,8.4,19.2
239,세종,2022-11-02,10,4.6,19
239,세종,2022-11-03,9.3,3.7,16.4
239,세종,2022-11-04,5.7,1.3,10.5
239,세종,2022-11-05,5.9,-1.8,14.5
239,세종,2022-11-06,8.1,1.2,16.6
239,세종,2022-11-07,9.3,2.4,16.9
239,세종,2022-11-08,11.9,6.3,18.9
239,세종,2022-11-09,9.6,5.4,16.3
239,세종,2022-11-10,11.3,5.1,18.7
239,세종,2022-11-11,13.9,7.7,22
239,세종,2022-11-12,17.6,9.8,24.3
239,세종,2022-11-13,11,9.3,18.9
239,세종,2022-11-14,9.2,5.1,15.1
239,세종,2022-11-15,7.8,1.7,14.2
239,세종,2022-11-16,8.5,4.4,15.3
239,세종,2022-11-17,9.1,4,15.9
239,세종,2022-11-18,9.1,2.5,17.7
239,세종,2022-11-19,11.3,4.3,19
239,세종,2022-11-20,12.6,9.2,18.9
239,세종,2022-11-21,11.7,5.7,19.7
239,세종,2022-11-22,10.5,8.1,13.5
239,세종,2022-11-23,10.5,5.5,16.6
239,세종,2022-11-24,8.1,2.6,14.7
239,세종,2022-11-25,9.4,2.3,17.3
239,세종,2022-11-26,8.5,1.6,14.1
239,세종,2022-11-27,5.8,-1.2,13.8
239,세종,2022-11-28,8,3,11.7
239,세종,2022-11-29,8.4,.9,13.4
239,세종,2022-11-30,-3.2,-5.2,.9
239,세종,2022-12-01,-3.6,-7.3,1
239,세종,2022-12-02,-1.9,-6.5,2.8
239,세종,2022-12-03,2.1,-1.9,5.6
239,세종,2022-12-04,-1.6,-3.7,3.6
239,세종,2022-12-05,-2.6,-5.4,3
239,세종,2022-12-06,-.1,-6.3,5.8
239,세종,2022-12-07,4.1,-.4,9.2
239,세종,2022-12-08,3.2,-1.7,9.9
239,세종,2022-12-09,3.7,-1.7,11.5
239,세종,2022-12-10,1.5,-2.7,5.2
239,세종,2022-12-11,1.6,-3.2,8.4
239,세종,2022-12-12,1.3,-4,6.7
239,세종,2022-12-13,1.1,-2.9,3.8
239,세종,2022-12-14,-7.4,-9.8,-2.9
239,세종,2022-12-15,-2.5,-9.5,3.5
239,세종,2022-12-16,-5.1,-8.1,-2.2
239,세종,2022-12-17,-6.4,-9.6,-3
239,세종,2022-12-18,-8.9,-13.8,-5
239,세종,2022-12-19,-6.4,-13,-.8
239,세종,2022-12-20,-3,-9.1,2.9
239,세종,2022-12-21,-.1,-2.5,1.4
239,세종,2022-12-22,-5.1,-8.3,.2
239,세종,2022-12-23,-8.2,-10.7,-5.2
239,세종,2022-12-24,-9.2,-13.6,-4.2
239,세종,2022-12-25,-5.4,-12.1,2.4
239,세종,2022-12-26,-4.1,-9.7,1.4
239,세종,2022-12-27,-2.9,-8.9,3.2
239,세종,2022-12-28,-2.4,-5.5,2.8
239,세종,2022-12-29,-3.5,-8.5,1.5
239,세종,2022-12-30,-1,-3.9,3
239,세종,2022-12-31,-1.4,-4.8,4.5
